<metadata xml:lang="en"><Esri><CreaDate>20140630</CreaDate><CreaTime>16552200</CreaTime><ArcGISFormat>1.0</ArcGISFormat><ArcGISstyle>FGDC CSDGM Metadata</ArcGISstyle><SyncOnce>FALSE</SyncOnce><DataProperties><itemProps><itemName Sync="TRUE">Parcels_2015</itemName><imsContentType Sync="TRUE">002</imsContentType><itemLocation><linkage Sync="TRUE">file://\\10.44.3.18\f\DataRequest\PVD_GIS\Parcels_2015.shp</linkage><protocol Sync="TRUE">Local Area Network</protocol></itemLocation><itemSize Sync="TRUE">0.000</itemSize></itemProps><coordRef><type Sync="TRUE">Projected</type><geogcsn Sync="TRUE">GCS_North_American_1983</geogcsn><csUnits Sync="TRUE">Linear Unit: Foot_US (0.304801)</csUnits><projcsn Sync="TRUE">NAD_1983_StatePlane_Rhode_Island_FIPS_3800_Feet</projcsn><peXml Sync="TRUE">&lt;ProjectedCoordinateSystem xsi:type='typens:ProjectedCoordinateSystem' xmlns:xsi='http://www.w3.org/2001/XMLSchema-instance' xmlns:xs='http://www.w3.org/2001/XMLSchema' xmlns:typens='http://www.esri.com/schemas/ArcGIS/10.3'&gt;&lt;WKT&gt;PROJCS[&amp;quot;NAD_1983_StatePlane_Rhode_Island_FIPS_3800_Feet&amp;quot;,GEOGCS[&amp;quot;GCS_North_American_1983&amp;quot;,DATUM[&amp;quot;D_North_American_1983&amp;quot;,SPHEROID[&amp;quot;GRS_1980&amp;quot;,6378137.0,298.257222101]],PRIMEM[&amp;quot;Greenwich&amp;quot;,0.0],UNIT[&amp;quot;Degree&amp;quot;,0.0174532925199433]],PROJECTION[&amp;quot;Transverse_Mercator&amp;quot;],PARAMETER[&amp;quot;False_Easting&amp;quot;,328083.3333333333],PARAMETER[&amp;quot;False_Northing&amp;quot;,0.0],PARAMETER[&amp;quot;Central_Meridian&amp;quot;,-71.5],PARAMETER[&amp;quot;Scale_Factor&amp;quot;,0.99999375],PARAMETER[&amp;quot;Latitude_Of_Origin&amp;quot;,41.08333333333334],UNIT[&amp;quot;Foot_US&amp;quot;,0.3048006096012192],AUTHORITY[&amp;quot;EPSG&amp;quot;,3438]]&lt;/WKT&gt;&lt;XOrigin&gt;-18120300&lt;/XOrigin&gt;&lt;YOrigin&gt;-47742100&lt;/YOrigin&gt;&lt;XYScale&gt;137242312.64623272&lt;/XYScale&gt;&lt;ZOrigin&gt;-100000&lt;/ZOrigin&gt;&lt;ZScale&gt;10000&lt;/ZScale&gt;&lt;MOrigin&gt;-100000&lt;/MOrigin&gt;&lt;MScale&gt;10000&lt;/MScale&gt;&lt;XYTolerance&gt;0.0032808333333333331&lt;/XYTolerance&gt;&lt;ZTolerance&gt;0.001&lt;/ZTolerance&gt;&lt;MTolerance&gt;0.001&lt;/MTolerance&gt;&lt;HighPrecision&gt;true&lt;/HighPrecision&gt;&lt;WKID&gt;102730&lt;/WKID&gt;&lt;LatestWKID&gt;3438&lt;/LatestWKID&gt;&lt;/ProjectedCoordinateSystem&gt;</peXml></coordRef><lineage><Process ToolSource="c:\program files (x86)\arcgis\desktop10.2\ArcToolbox\Toolboxes\Conversion Tools.tbx\FeatureClassToFeatureClass" Date="20140630" Time="165644">FeatureClassToFeatureClass "Database Connections\ArcGis as GISServices on COPD_GEN.sde\ARCGIS.GISSERVICES.PARCEL_GOVERN" "Database Connections\ArcGis as GISServices on COPD_GEN.sde\ArcGis.GISSERVICES.Land_Records_Production" ASSESSPAR_POLY # "PIN "PIN" true true false 50 Text 0 0 ,First,#,Database Connections\ArcGis as GISServices on COPD_GEN.sde\ARCGIS.GISSERVICES.PARCEL_GOVERN,PIN,-1,-1;MAP "MAP" true true false 4 Text 0 0 ,First,#,Database Connections\ArcGis as GISServices on COPD_GEN.sde\ARCGIS.GISSERVICES.PARCEL_GOVERN,MAP,-1,-1;BLOCK "BLOCK" true true false 10 Text 0 0 ,First,#,Database Connections\ArcGis as GISServices on COPD_GEN.sde\ARCGIS.GISSERVICES.PARCEL_GOVERN,BLOCK,-1,-1;LOT "LOT" true true false 10 Text 0 0 ,First,#,Database Connections\ArcGis as GISServices on COPD_GEN.sde\ARCGIS.GISSERVICES.PARCEL_GOVERN,LOT,-1,-1;TAX_MAP "TAX_MAP" true true false 32 Text 0 0 ,First,#,Database Connections\ArcGis as GISServices on COPD_GEN.sde\ARCGIS.GISSERVICES.PARCEL_GOVERN,TAX_MAP,-1,-1;OWNER_NAME "OWNER_NAME" true true false 80 Text 0 0 ,First,#,Database Connections\ArcGis as GISServices on COPD_GEN.sde\ARCGIS.GISSERVICES.PARCEL_GOVERN,OWNER_NAME,-1,-1;ADDRESS1 "ADDRESS1" true true false 80 Text 0 0 ,First,#,Database Connections\ArcGis as GISServices on COPD_GEN.sde\ARCGIS.GISSERVICES.PARCEL_GOVERN,ADDRESS1,-1,-1;ADDRESS2 "ADDRESS2" true true false 80 Text 0 0 ,First,#,Database Connections\ArcGis as GISServices on COPD_GEN.sde\ARCGIS.GISSERVICES.PARCEL_GOVERN,ADDRESS2,-1,-1;FREE_LINE_4 "FREE_LINE_4" true true false 80 Text 0 0 ,First,#,Database Connections\ArcGis as GISServices on COPD_GEN.sde\ARCGIS.GISSERVICES.PARCEL_GOVERN,FREE_LINE_4,-1,-1;P_ID "P_ID" true false false 4 Long 0 10 ,First,#,Database Connections\ArcGis as GISServices on COPD_GEN.sde\ARCGIS.GISSERVICES.PARCEL_GOVERN,P_ID,-1,-1;YEAR_ID "YEAR_ID" true false false 2 Short 0 5 ,First,#,Database Connections\ArcGis as GISServices on COPD_GEN.sde\ARCGIS.GISSERVICES.PARCEL_GOVERN,YEAR_ID,-1,-1;ACRES "ACRES" true true false 8 Double 0 0 ,First,#,Database Connections\ArcGis as GISServices on COPD_GEN.sde\ARCGIS.GISSERVICES.PARCEL_GOVERN,ACRES,-1,-1;TOTAL_VALUE "TOTAL_VALUE" true true false 8 Double 4 19 ,First,#,Database Connections\ArcGis as GISServices on COPD_GEN.sde\ARCGIS.GISSERVICES.PARCEL_GOVERN,TOTAL_VALUE,-1,-1;LAND_VALUE "LAND_VALUE" true true false 8 Double 4 19 ,First,#,Database Connections\ArcGis as GISServices on COPD_GEN.sde\ARCGIS.GISSERVICES.PARCEL_GOVERN,LAND_VALUE,-1,-1;BUILDING_VALUE "BUILDING_VALUE" true true false 8 Double 4 19 ,First,#,Database Connections\ArcGis as GISServices on COPD_GEN.sde\ARCGIS.GISSERVICES.PARCEL_GOVERN,BUILDING_VALUE,-1,-1;PROPERTY_ADDRESS "PROPERTY_ADDRESS" true true false 50 Text 0 0 ,First,#,Database Connections\ArcGis as GISServices on COPD_GEN.sde\ARCGIS.GISSERVICES.PARCEL_GOVERN,PROPERTY_ADDRESS,-1,-1;ZIP_POSTAL "ZIP_POSTAL" true true false 10 Text 0 0 ,First,#,Database Connections\ArcGis as GISServices on COPD_GEN.sde\ARCGIS.GISSERVICES.PARCEL_GOVERN,ZIP_POSTAL,-1,-1;Shape_STArea__ "Shape_STArea__" false false true 0 Double 0 0 ,First,#,Database Connections\ArcGis as GISServices on COPD_GEN.sde\ARCGIS.GISSERVICES.PARCEL_GOVERN,Shape.STArea(),-1,-1;Shape_STLength__ "Shape_STLength__" false false true 0 Double 0 0 ,First,#,Database Connections\ArcGis as GISServices on COPD_GEN.sde\ARCGIS.GISSERVICES.PARCEL_GOVERN,Shape.STLength(),-1,-1" #</Process><Process ToolSource="c:\program files (x86)\arcgis\desktop10.2\ArcToolbox\Toolboxes\Data Management Tools.tbx\ChangePrivileges" Date="20140630" Time="165809">ChangePrivileges 'Database Connections\ArcGis as GISServices on COPD_GEN.sde\ArcGis.GISSERVICES.Land_Records_Production\ArcGis.GISSERVICES.ASSESSPAR_POLY' GISViewer GRANT #</Process><Process Name="Truncate PC Parcel Table" ToolSource="c:\program files (x86)\arcgis\desktop10.2\ArcToolbox\Toolboxes\Data Management Tools.tbx\TruncateTable" Date="20140630" Time="170146">TruncateTable "Database Connections\ArcGis as GISServices on COPD_GEN.sde\ArcGis.GISSERVICES.Land_Records_Production\ArcGis.GISSERVICES.ASSESSPAR_POLY"</Process><Process Name="Append" ToolSource="c:\program files (x86)\arcgis\desktop10.2\ArcToolbox\Toolboxes\Data Management Tools.tbx\Append" Date="20140630" Time="170306">Append 'Database Connections\ArcGis as GISServices on COPD_GEN.sde\ARCGIS.GISSERVICES.PARCEL_GOVERN' "Database Connections\ArcGis as GISServices on COPD_GEN.sde\ArcGis.GISSERVICES.Land_Records_Production\ArcGis.GISSERVICES.ASSESSPAR_POLY" NO_TEST "PIN "PIN" true true false 50 Text 0 0 ,First,#,Database Connections\ArcGis as GISServices on COPD_GEN.sde\ARCGIS.GISSERVICES.PARCEL_GOVERN,PIN,-1,-1;MAP "MAP" true true false 4 Text 0 0 ,First,#,Database Connections\ArcGis as GISServices on COPD_GEN.sde\ARCGIS.GISSERVICES.PARCEL_GOVERN,MAP,-1,-1;BLOCK "BLOCK" true true false 10 Text 0 0 ,First,#,Database Connections\ArcGis as GISServices on COPD_GEN.sde\ARCGIS.GISSERVICES.PARCEL_GOVERN,BLOCK,-1,-1;LOT "LOT" true true false 10 Text 0 0 ,First,#,Database Connections\ArcGis as GISServices on COPD_GEN.sde\ARCGIS.GISSERVICES.PARCEL_GOVERN,LOT,-1,-1;TAX_MAP "TAX_MAP" true true false 32 Text 0 0 ,First,#,Database Connections\ArcGis as GISServices on COPD_GEN.sde\ARCGIS.GISSERVICES.PARCEL_GOVERN,TAX_MAP,-1,-1;OWNER_NAME "OWNER_NAME" true true false 80 Text 0 0 ,First,#,Database Connections\ArcGis as GISServices on COPD_GEN.sde\ARCGIS.GISSERVICES.PARCEL_GOVERN,OWNER_NAME,-1,-1;ADDRESS1 "ADDRESS1" true true false 80 Text 0 0 ,First,#,Database Connections\ArcGis as GISServices on COPD_GEN.sde\ARCGIS.GISSERVICES.PARCEL_GOVERN,ADDRESS1,-1,-1;ADDRESS2 "ADDRESS2" true true false 80 Text 0 0 ,First,#,Database Connections\ArcGis as GISServices on COPD_GEN.sde\ARCGIS.GISSERVICES.PARCEL_GOVERN,ADDRESS2,-1,-1;FREE_LINE_4 "FREE_LINE_4" true true false 80 Text 0 0 ,First,#,Database Connections\ArcGis as GISServices on COPD_GEN.sde\ARCGIS.GISSERVICES.PARCEL_GOVERN,FREE_LINE_4,-1,-1;P_ID "P_ID" true false false 4 Long 0 10 ,First,#,Database Connections\ArcGis as GISServices on COPD_GEN.sde\ARCGIS.GISSERVICES.PARCEL_GOVERN,P_ID,-1,-1;YEAR_ID "YEAR_ID" true false false 2 Short 0 5 ,First,#,Database Connections\ArcGis as GISServices on COPD_GEN.sde\ARCGIS.GISSERVICES.PARCEL_GOVERN,YEAR_ID,-1,-1;ACRES "ACRES" true true false 8 Double 8 38 ,First,#,Database Connections\ArcGis as GISServices on COPD_GEN.sde\ARCGIS.GISSERVICES.PARCEL_GOVERN,ACRES,-1,-1;TOTAL_VALUE "TOTAL_VALUE" true true false 8 Double 4 19 ,First,#,Database Connections\ArcGis as GISServices on COPD_GEN.sde\ARCGIS.GISSERVICES.PARCEL_GOVERN,TOTAL_VALUE,-1,-1;LAND_VALUE "LAND_VALUE" true true false 8 Double 4 19 ,First,#,Database Connections\ArcGis as GISServices on COPD_GEN.sde\ARCGIS.GISSERVICES.PARCEL_GOVERN,LAND_VALUE,-1,-1;BUILDING_VALUE "BUILDING_VALUE" true true false 8 Double 4 19 ,First,#,Database Connections\ArcGis as GISServices on COPD_GEN.sde\ARCGIS.GISSERVICES.PARCEL_GOVERN,BUILDING_VALUE,-1,-1;PROPERTY_ADDRESS "PROPERTY_ADDRESS" true true false 50 Text 0 0 ,First,#,Database Connections\ArcGis as GISServices on COPD_GEN.sde\ARCGIS.GISSERVICES.PARCEL_GOVERN,PROPERTY_ADDRESS,-1,-1;ZIP_POSTAL "ZIP_POSTAL" true true false 10 Text 0 0 ,First,#,Database Connections\ArcGis as GISServices on COPD_GEN.sde\ARCGIS.GISSERVICES.PARCEL_GOVERN,ZIP_POSTAL,-1,-1;Shape_STArea__ "Shape_STArea__" true false false 8 Double 8 38 ,First,#;Shape_STLength__ "Shape_STLength__" true false false 8 Double 8 38 ,First,#;Shape.STArea() "Shape.STArea()" false false true 0 Double 0 0 ,First,#,Database Connections\ArcGis as GISServices on COPD_GEN.sde\ARCGIS.GISSERVICES.PARCEL_GOVERN,Shape.STArea(),-1,-1;Shape.STLength() "Shape.STLength()" false false true 0 Double 0 0 ,First,#,Database Connections\ArcGis as GISServices on COPD_GEN.sde\ARCGIS.GISSERVICES.PARCEL_GOVERN,Shape.STLength(),-1,-1" #</Process><Process Name="Truncate PC Parcel Table" ToolSource="c:\program files (x86)\arcgis\desktop10.2\ArcToolbox\Toolboxes\Data Management Tools.tbx\TruncateTable" Date="20140721" Time="094000">TruncateTable "Database Connections\ArcGis as GISServices on COPD_GEN.sde\ArcGis.GISSERVICES.Land_Records_Production\ArcGis.GISSERVICES.ASSESSPAR_POLY"</Process><Process Name="Append" ToolSource="c:\program files (x86)\arcgis\desktop10.2\ArcToolbox\Toolboxes\Data Management Tools.tbx\Append" Date="20140721" Time="094129">Append 'Database Connections\ArcGis as GISServices on COPD_GEN.sde\ARCGIS.GISSERVICES.PARCEL_GOVERN' "Database Connections\ArcGis as GISServices on COPD_GEN.sde\ArcGis.GISSERVICES.Land_Records_Production\ArcGis.GISSERVICES.ASSESSPAR_POLY" NO_TEST "PIN "PIN" true true false 50 Text 0 0 ,First,#,Database Connections\ArcGis as GISServices on COPD_GEN.sde\ARCGIS.GISSERVICES.PARCEL_GOVERN,PIN,-1,-1;MAP "MAP" true true false 4 Text 0 0 ,First,#,Database Connections\ArcGis as GISServices on COPD_GEN.sde\ARCGIS.GISSERVICES.PARCEL_GOVERN,MAP,-1,-1;BLOCK "BLOCK" true true false 10 Text 0 0 ,First,#,Database Connections\ArcGis as GISServices on COPD_GEN.sde\ARCGIS.GISSERVICES.PARCEL_GOVERN,BLOCK,-1,-1;LOT "LOT" true true false 10 Text 0 0 ,First,#,Database Connections\ArcGis as GISServices on COPD_GEN.sde\ARCGIS.GISSERVICES.PARCEL_GOVERN,LOT,-1,-1;TAX_MAP "TAX_MAP" true true false 32 Text 0 0 ,First,#,Database Connections\ArcGis as GISServices on COPD_GEN.sde\ARCGIS.GISSERVICES.PARCEL_GOVERN,TAX_MAP,-1,-1;OWNER_NAME "OWNER_NAME" true true false 80 Text 0 0 ,First,#,Database Connections\ArcGis as GISServices on COPD_GEN.sde\ARCGIS.GISSERVICES.PARCEL_GOVERN,OWNER_NAME,-1,-1;ADDRESS1 "ADDRESS1" true true false 80 Text 0 0 ,First,#,Database Connections\ArcGis as GISServices on COPD_GEN.sde\ARCGIS.GISSERVICES.PARCEL_GOVERN,ADDRESS1,-1,-1;ADDRESS2 "ADDRESS2" true true false 80 Text 0 0 ,First,#,Database Connections\ArcGis as GISServices on COPD_GEN.sde\ARCGIS.GISSERVICES.PARCEL_GOVERN,ADDRESS2,-1,-1;FREE_LINE_4 "FREE_LINE_4" true true false 80 Text 0 0 ,First,#,Database Connections\ArcGis as GISServices on COPD_GEN.sde\ARCGIS.GISSERVICES.PARCEL_GOVERN,FREE_LINE_4,-1,-1;P_ID "P_ID" true false false 4 Long 0 10 ,First,#,Database Connections\ArcGis as GISServices on COPD_GEN.sde\ARCGIS.GISSERVICES.PARCEL_GOVERN,P_ID,-1,-1;YEAR_ID "YEAR_ID" true false false 2 Short 0 5 ,First,#,Database Connections\ArcGis as GISServices on COPD_GEN.sde\ARCGIS.GISSERVICES.PARCEL_GOVERN,YEAR_ID,-1,-1;ACRES "ACRES" true true false 8 Double 8 38 ,First,#,Database Connections\ArcGis as GISServices on COPD_GEN.sde\ARCGIS.GISSERVICES.PARCEL_GOVERN,ACRES,-1,-1;TOTAL_VALUE "TOTAL_VALUE" true true false 8 Double 4 19 ,First,#,Database Connections\ArcGis as GISServices on COPD_GEN.sde\ARCGIS.GISSERVICES.PARCEL_GOVERN,TOTAL_VALUE,-1,-1;LAND_VALUE "LAND_VALUE" true true false 8 Double 4 19 ,First,#,Database Connections\ArcGis as GISServices on COPD_GEN.sde\ARCGIS.GISSERVICES.PARCEL_GOVERN,LAND_VALUE,-1,-1;BUILDING_VALUE "BUILDING_VALUE" true true false 8 Double 4 19 ,First,#,Database Connections\ArcGis as GISServices on COPD_GEN.sde\ARCGIS.GISSERVICES.PARCEL_GOVERN,BUILDING_VALUE,-1,-1;PROPERTY_ADDRESS "PROPERTY_ADDRESS" true true false 50 Text 0 0 ,First,#,Database Connections\ArcGis as GISServices on COPD_GEN.sde\ARCGIS.GISSERVICES.PARCEL_GOVERN,PROPERTY_ADDRESS,-1,-1;ZIP_POSTAL "ZIP_POSTAL" true true false 10 Text 0 0 ,First,#,Database Connections\ArcGis as GISServices on COPD_GEN.sde\ARCGIS.GISSERVICES.PARCEL_GOVERN,ZIP_POSTAL,-1,-1;Shape_STArea__ "Shape_STArea__" true false false 8 Double 8 38 ,First,#;Shape_STLength__ "Shape_STLength__" true false false 8 Double 8 38 ,First,#;Shape.STArea() "Shape.STArea()" false false true 0 Double 0 0 ,First,#,Database Connections\ArcGis as GISServices on COPD_GEN.sde\ARCGIS.GISSERVICES.PARCEL_GOVERN,Shape.STArea(),-1,-1;Shape.STLength() "Shape.STLength()" false false true 0 Double 0 0 ,First,#,Database Connections\ArcGis as GISServices on COPD_GEN.sde\ARCGIS.GISSERVICES.PARCEL_GOVERN,Shape.STLength(),-1,-1" #</Process><Process Name="Truncate PC Parcel Table" ToolSource="c:\program files (x86)\arcgis\desktop10.2\ArcToolbox\Toolboxes\Data Management Tools.tbx\TruncateTable" Date="20140804" Time="144844">TruncateTable "Database Connections\ArcGis as GISServices on COPD_GEN.sde\ArcGis.GISSERVICES.Land_Records_Production\ArcGis.GISSERVICES.ASSESSPAR_POLY"</Process><Process Name="Append" ToolSource="c:\program files (x86)\arcgis\desktop10.2\ArcToolbox\Toolboxes\Data Management Tools.tbx\Append" Date="20140804" Time="145007">Append 'Database Connections\ArcGis as GISServices on COPD_GEN.sde\ARCGIS.GISSERVICES.PARCEL_GOVERN' "Database Connections\ArcGis as GISServices on COPD_GEN.sde\ArcGis.GISSERVICES.Land_Records_Production\ArcGis.GISSERVICES.ASSESSPAR_POLY" NO_TEST "PIN "PIN" true true false 50 Text 0 0 ,First,#,Database Connections\ArcGis as GISServices on COPD_GEN.sde\ARCGIS.GISSERVICES.PARCEL_GOVERN,PIN,-1,-1;MAP "MAP" true true false 4 Text 0 0 ,First,#,Database Connections\ArcGis as GISServices on COPD_GEN.sde\ARCGIS.GISSERVICES.PARCEL_GOVERN,MAP,-1,-1;BLOCK "BLOCK" true true false 10 Text 0 0 ,First,#,Database Connections\ArcGis as GISServices on COPD_GEN.sde\ARCGIS.GISSERVICES.PARCEL_GOVERN,BLOCK,-1,-1;LOT "LOT" true true false 10 Text 0 0 ,First,#,Database Connections\ArcGis as GISServices on COPD_GEN.sde\ARCGIS.GISSERVICES.PARCEL_GOVERN,LOT,-1,-1;TAX_MAP "TAX_MAP" true true false 32 Text 0 0 ,First,#,Database Connections\ArcGis as GISServices on COPD_GEN.sde\ARCGIS.GISSERVICES.PARCEL_GOVERN,TAX_MAP,-1,-1;OWNER_NAME "OWNER_NAME" true true false 80 Text 0 0 ,First,#,Database Connections\ArcGis as GISServices on COPD_GEN.sde\ARCGIS.GISSERVICES.PARCEL_GOVERN,OWNER_NAME,-1,-1;ADDRESS1 "ADDRESS1" true true false 80 Text 0 0 ,First,#,Database Connections\ArcGis as GISServices on COPD_GEN.sde\ARCGIS.GISSERVICES.PARCEL_GOVERN,ADDRESS1,-1,-1;ADDRESS2 "ADDRESS2" true true false 80 Text 0 0 ,First,#,Database Connections\ArcGis as GISServices on COPD_GEN.sde\ARCGIS.GISSERVICES.PARCEL_GOVERN,ADDRESS2,-1,-1;FREE_LINE_4 "FREE_LINE_4" true true false 80 Text 0 0 ,First,#,Database Connections\ArcGis as GISServices on COPD_GEN.sde\ARCGIS.GISSERVICES.PARCEL_GOVERN,FREE_LINE_4,-1,-1;P_ID "P_ID" true false false 4 Long 0 10 ,First,#,Database Connections\ArcGis as GISServices on COPD_GEN.sde\ARCGIS.GISSERVICES.PARCEL_GOVERN,P_ID,-1,-1;YEAR_ID "YEAR_ID" true false false 2 Short 0 5 ,First,#,Database Connections\ArcGis as GISServices on COPD_GEN.sde\ARCGIS.GISSERVICES.PARCEL_GOVERN,YEAR_ID,-1,-1;ACRES "ACRES" true true false 8 Double 8 38 ,First,#,Database Connections\ArcGis as GISServices on COPD_GEN.sde\ARCGIS.GISSERVICES.PARCEL_GOVERN,ACRES,-1,-1;TOTAL_VALUE "TOTAL_VALUE" true true false 8 Double 4 19 ,First,#,Database Connections\ArcGis as GISServices on COPD_GEN.sde\ARCGIS.GISSERVICES.PARCEL_GOVERN,TOTAL_VALUE,-1,-1;LAND_VALUE "LAND_VALUE" true true false 8 Double 4 19 ,First,#,Database Connections\ArcGis as GISServices on COPD_GEN.sde\ARCGIS.GISSERVICES.PARCEL_GOVERN,LAND_VALUE,-1,-1;BUILDING_VALUE "BUILDING_VALUE" true true false 8 Double 4 19 ,First,#,Database Connections\ArcGis as GISServices on COPD_GEN.sde\ARCGIS.GISSERVICES.PARCEL_GOVERN,BUILDING_VALUE,-1,-1;PROPERTY_ADDRESS "PROPERTY_ADDRESS" true true false 50 Text 0 0 ,First,#,Database Connections\ArcGis as GISServices on COPD_GEN.sde\ARCGIS.GISSERVICES.PARCEL_GOVERN,PROPERTY_ADDRESS,-1,-1;ZIP_POSTAL "ZIP_POSTAL" true true false 10 Text 0 0 ,First,#,Database Connections\ArcGis as GISServices on COPD_GEN.sde\ARCGIS.GISSERVICES.PARCEL_GOVERN,ZIP_POSTAL,-1,-1;Shape_STArea__ "Shape_STArea__" true false false 8 Double 8 38 ,First,#;Shape_STLength__ "Shape_STLength__" true false false 8 Double 8 38 ,First,#;Shape.STArea() "Shape.STArea()" false false true 0 Double 0 0 ,First,#,Database Connections\ArcGis as GISServices on COPD_GEN.sde\ARCGIS.GISSERVICES.PARCEL_GOVERN,Shape.STArea(),-1,-1;Shape.STLength() "Shape.STLength()" false false true 0 Double 0 0 ,First,#,Database Connections\ArcGis as GISServices on COPD_GEN.sde\ARCGIS.GISSERVICES.PARCEL_GOVERN,Shape.STLength(),-1,-1" #</Process><Process Name="Truncate PC Parcel Table" ToolSource="c:\program files (x86)\arcgis\desktop10.2\ArcToolbox\Toolboxes\Data Management Tools.tbx\TruncateTable" Date="20140916" Time="144102">TruncateTable "Database Connections\ArcGis as GISServices on COPD_GEN.sde\ArcGis.GISSERVICES.Land_Records_Production\ArcGis.GISSERVICES.ASSESSPAR_POLY"</Process><Process Name="Append" ToolSource="c:\program files (x86)\arcgis\desktop10.2\ArcToolbox\Toolboxes\Data Management Tools.tbx\Append" Date="20140916" Time="144225">Append 'Database Connections\ArcGis as GISServices on COPD_GEN.sde\ARCGIS.GISSERVICES.PARCEL_GOVERN' "Database Connections\ArcGis as GISServices on COPD_GEN.sde\ArcGis.GISSERVICES.Land_Records_Production\ArcGis.GISSERVICES.ASSESSPAR_POLY" NO_TEST "PIN "PIN" true true false 50 Text 0 0 ,First,#,Database Connections\ArcGis as GISServices on COPD_GEN.sde\ARCGIS.GISSERVICES.PARCEL_GOVERN,PIN,-1,-1;MAP "MAP" true true false 4 Text 0 0 ,First,#,Database Connections\ArcGis as GISServices on COPD_GEN.sde\ARCGIS.GISSERVICES.PARCEL_GOVERN,MAP,-1,-1;BLOCK "BLOCK" true true false 10 Text 0 0 ,First,#,Database Connections\ArcGis as GISServices on COPD_GEN.sde\ARCGIS.GISSERVICES.PARCEL_GOVERN,BLOCK,-1,-1;LOT "LOT" true true false 10 Text 0 0 ,First,#,Database Connections\ArcGis as GISServices on COPD_GEN.sde\ARCGIS.GISSERVICES.PARCEL_GOVERN,LOT,-1,-1;TAX_MAP "TAX_MAP" true true false 32 Text 0 0 ,First,#,Database Connections\ArcGis as GISServices on COPD_GEN.sde\ARCGIS.GISSERVICES.PARCEL_GOVERN,TAX_MAP,-1,-1;OWNER_NAME "OWNER_NAME" true true false 80 Text 0 0 ,First,#,Database Connections\ArcGis as GISServices on COPD_GEN.sde\ARCGIS.GISSERVICES.PARCEL_GOVERN,OWNER_NAME,-1,-1;ADDRESS1 "ADDRESS1" true true false 80 Text 0 0 ,First,#,Database Connections\ArcGis as GISServices on COPD_GEN.sde\ARCGIS.GISSERVICES.PARCEL_GOVERN,ADDRESS1,-1,-1;ADDRESS2 "ADDRESS2" true true false 80 Text 0 0 ,First,#,Database Connections\ArcGis as GISServices on COPD_GEN.sde\ARCGIS.GISSERVICES.PARCEL_GOVERN,ADDRESS2,-1,-1;FREE_LINE_4 "FREE_LINE_4" true true false 80 Text 0 0 ,First,#,Database Connections\ArcGis as GISServices on COPD_GEN.sde\ARCGIS.GISSERVICES.PARCEL_GOVERN,FREE_LINE_4,-1,-1;P_ID "P_ID" true false false 4 Long 0 10 ,First,#,Database Connections\ArcGis as GISServices on COPD_GEN.sde\ARCGIS.GISSERVICES.PARCEL_GOVERN,P_ID,-1,-1;YEAR_ID "YEAR_ID" true false false 2 Short 0 5 ,First,#,Database Connections\ArcGis as GISServices on COPD_GEN.sde\ARCGIS.GISSERVICES.PARCEL_GOVERN,YEAR_ID,-1,-1;ACRES "ACRES" true true false 8 Double 8 38 ,First,#,Database Connections\ArcGis as GISServices on COPD_GEN.sde\ARCGIS.GISSERVICES.PARCEL_GOVERN,ACRES,-1,-1;TOTAL_VALUE "TOTAL_VALUE" true true false 8 Double 4 19 ,First,#,Database Connections\ArcGis as GISServices on COPD_GEN.sde\ARCGIS.GISSERVICES.PARCEL_GOVERN,TOTAL_VALUE,-1,-1;LAND_VALUE "LAND_VALUE" true true false 8 Double 4 19 ,First,#,Database Connections\ArcGis as GISServices on COPD_GEN.sde\ARCGIS.GISSERVICES.PARCEL_GOVERN,LAND_VALUE,-1,-1;BUILDING_VALUE "BUILDING_VALUE" true true false 8 Double 4 19 ,First,#,Database Connections\ArcGis as GISServices on COPD_GEN.sde\ARCGIS.GISSERVICES.PARCEL_GOVERN,BUILDING_VALUE,-1,-1;PROPERTY_ADDRESS "PROPERTY_ADDRESS" true true false 50 Text 0 0 ,First,#,Database Connections\ArcGis as GISServices on COPD_GEN.sde\ARCGIS.GISSERVICES.PARCEL_GOVERN,PROPERTY_ADDRESS,-1,-1;ZIP_POSTAL "ZIP_POSTAL" true true false 10 Text 0 0 ,First,#,Database Connections\ArcGis as GISServices on COPD_GEN.sde\ARCGIS.GISSERVICES.PARCEL_GOVERN,ZIP_POSTAL,-1,-1;Shape_STArea__ "Shape_STArea__" true false false 8 Double 8 38 ,First,#;Shape_STLength__ "Shape_STLength__" true false false 8 Double 8 38 ,First,#;Shape.STArea() "Shape.STArea()" false false true 0 Double 0 0 ,First,#,Database Connections\ArcGis as GISServices on COPD_GEN.sde\ARCGIS.GISSERVICES.PARCEL_GOVERN,Shape.STArea(),-1,-1;Shape.STLength() "Shape.STLength()" false false true 0 Double 0 0 ,First,#,Database Connections\ArcGis as GISServices on COPD_GEN.sde\ARCGIS.GISSERVICES.PARCEL_GOVERN,Shape.STLength(),-1,-1" #</Process><Process Name="Truncate Table" ToolSource="c:\program files (x86)\arcgis\desktop10.2\ArcToolbox\Toolboxes\Data Management Tools.tbx\TruncateTable" Date="20150121" Time="100331">TruncateTable "Database Connections\ArcGis as GISServices on COPD_GEN.sde\ArcGis.GISSERVICES.Land_Records_Production\ArcGis.GISSERVICES.ASSESSPAR_POLY"</Process><Process ToolSource="c:\program files (x86)\arcgis\desktop10.2\ArcToolbox\Toolboxes\Data Management Tools.tbx\TruncateTable" Date="20150121" Time="110817">TruncateTable "Database Connections\ArcGis as GISServices on COPD_GEN.sde\ArcGis.GISSERVICES.Land_Records_Production\ArcGis.GISSERVICES.ASSESSPAR_POLY"</Process><Process ToolSource="c:\program files (x86)\arcgis\desktop10.2\ArcToolbox\Toolboxes\Data Management Tools.tbx\Append" Date="20150121" Time="111022">Append 'Database Connections\ArcGis as GISServices on COPD_GEN.sde\ARCGIS.GISSERVICES.PARCEL_GOVERN' "Database Connections\ArcGis as GISServices on COPD_GEN.sde\ArcGis.GISSERVICES.Land_Records_Production\ArcGis.GISSERVICES.ASSESSPAR_POLY" NO_TEST "PIN "PIN" true true false 50 Text 0 0 ,First,#,Database Connections\ArcGis as GISServices on COPD_GEN.sde\ARCGIS.GISSERVICES.PARCEL_GOVERN,PIN,-1,-1;MAP "MAP" true true false 4 Text 0 0 ,First,#,Database Connections\ArcGis as GISServices on COPD_GEN.sde\ARCGIS.GISSERVICES.PARCEL_GOVERN,MAP,-1,-1;BLOCK "BLOCK" true true false 10 Text 0 0 ,First,#,Database Connections\ArcGis as GISServices on COPD_GEN.sde\ARCGIS.GISSERVICES.PARCEL_GOVERN,BLOCK,-1,-1;LOT "LOT" true true false 10 Text 0 0 ,First,#,Database Connections\ArcGis as GISServices on COPD_GEN.sde\ARCGIS.GISSERVICES.PARCEL_GOVERN,LOT,-1,-1;TAX_MAP "TAX_MAP" true true false 32 Text 0 0 ,First,#,Database Connections\ArcGis as GISServices on COPD_GEN.sde\ARCGIS.GISSERVICES.PARCEL_GOVERN,TAX_MAP,-1,-1;OWNER_NAME "OWNER_NAME" true true false 80 Text 0 0 ,First,#,Database Connections\ArcGis as GISServices on COPD_GEN.sde\ARCGIS.GISSERVICES.PARCEL_GOVERN,OWNER_NAME,-1,-1;ADDRESS1 "ADDRESS1" true true false 80 Text 0 0 ,First,#,Database Connections\ArcGis as GISServices on COPD_GEN.sde\ARCGIS.GISSERVICES.PARCEL_GOVERN,ADDRESS1,-1,-1;ADDRESS2 "ADDRESS2" true true false 80 Text 0 0 ,First,#,Database Connections\ArcGis as GISServices on COPD_GEN.sde\ARCGIS.GISSERVICES.PARCEL_GOVERN,ADDRESS2,-1,-1;FREE_LINE_4 "FREE_LINE_4" true true false 80 Text 0 0 ,First,#,Database Connections\ArcGis as GISServices on COPD_GEN.sde\ARCGIS.GISSERVICES.PARCEL_GOVERN,FREE_LINE_4,-1,-1;P_ID "P_ID" true false false 4 Long 0 10 ,First,#,Database Connections\ArcGis as GISServices on COPD_GEN.sde\ARCGIS.GISSERVICES.PARCEL_GOVERN,P_ID,-1,-1;YEAR_ID "YEAR_ID" true false false 2 Short 0 5 ,First,#,Database Connections\ArcGis as GISServices on COPD_GEN.sde\ARCGIS.GISSERVICES.PARCEL_GOVERN,YEAR_ID,-1,-1;ACRES "ACRES" true true false 8 Double 8 38 ,First,#,Database Connections\ArcGis as GISServices on COPD_GEN.sde\ARCGIS.GISSERVICES.PARCEL_GOVERN,ACRES,-1,-1;TOTAL_VALUE "TOTAL_VALUE" true true false 8 Double 4 19 ,First,#,Database Connections\ArcGis as GISServices on COPD_GEN.sde\ARCGIS.GISSERVICES.PARCEL_GOVERN,TOTAL_VALUE,-1,-1;LAND_VALUE "LAND_VALUE" true true false 8 Double 4 19 ,First,#,Database Connections\ArcGis as GISServices on COPD_GEN.sde\ARCGIS.GISSERVICES.PARCEL_GOVERN,LAND_VALUE,-1,-1;BUILDING_VALUE "BUILDING_VALUE" true true false 8 Double 4 19 ,First,#,Database Connections\ArcGis as GISServices on COPD_GEN.sde\ARCGIS.GISSERVICES.PARCEL_GOVERN,BUILDING_VALUE,-1,-1;PROPERTY_ADDRESS "PROPERTY_ADDRESS" true true false 50 Text 0 0 ,First,#,Database Connections\ArcGis as GISServices on COPD_GEN.sde\ARCGIS.GISSERVICES.PARCEL_GOVERN,PROPERTY_ADDRESS,-1,-1;ZIP_POSTAL "ZIP_POSTAL" true true false 10 Text 0 0 ,First,#,Database Connections\ArcGis as GISServices on COPD_GEN.sde\ARCGIS.GISSERVICES.PARCEL_GOVERN,ZIP_POSTAL,-1,-1;Shape_STArea__ "Shape_STArea__" true false false 8 Double 8 38 ,First,#;Shape_STLength__ "Shape_STLength__" true false false 8 Double 8 38 ,First,#;Shape.STArea() "Shape.STArea()" false false true 0 Double 0 0 ,First,#,Database Connections\ArcGis as GISServices on COPD_GEN.sde\ARCGIS.GISSERVICES.PARCEL_GOVERN,Shape.STArea(),-1,-1;Shape.STLength() "Shape.STLength()" false false true 0 Double 0 0 ,First,#,Database Connections\ArcGis as GISServices on COPD_GEN.sde\ARCGIS.GISSERVICES.PARCEL_GOVERN,Shape.STLength(),-1,-1" #</Process><Process ToolSource="c:\program files (x86)\arcgis\desktop10.2\ArcToolbox\Toolboxes\Data Management Tools.tbx\CalculateField" Date="20150507" Time="151336">CalculateField "Database Connections\ArcGis as GISServices on COPD_GEN.sde\ArcGis.GISSERVICES.Land_Records_Production\ArcGis.GISSERVICES.ASSESSPAR_POLY" Shape_STArea__ [Shape.STArea()] VB #</Process><Process Name="Truncate Table" ToolSource="c:\program files (x86)\arcgis\desktop10.2\ArcToolbox\Toolboxes\Data Management Tools.tbx\TruncateTable" Date="20150731" Time="141925">TruncateTable "Database Connections\ArcGis as GISServices on COPD_GEN.sde\ArcGis.GISSERVICES.Land_Records_Production\ArcGis.GISSERVICES.ASSESSPAR_POLY"</Process><Process Name="Append" ToolSource="c:\program files (x86)\arcgis\desktop10.2\ArcToolbox\Toolboxes\Data Management Tools.tbx\Append" Date="20150731" Time="142059">Append 'Database Connections\ArcGis as GISServices on COPD_GEN.sde\ARCGIS.GISSERVICES.PARCEL_GOVERN' "Database Connections\ArcGis as GISServices on COPD_GEN.sde\ArcGis.GISSERVICES.Land_Records_Production\ArcGis.GISSERVICES.ASSESSPAR_POLY" NO_TEST "PIN "PIN" true true false 50 Text 0 0 ,First,#,Database Connections\ArcGis as GISServices on COPD_GEN.sde\ARCGIS.GISSERVICES.PARCEL_GOVERN,PIN,-1,-1;MAP "MAP" true true false 4 Text 0 0 ,First,#,Database Connections\ArcGis as GISServices on COPD_GEN.sde\ARCGIS.GISSERVICES.PARCEL_GOVERN,MAP,-1,-1;BLOCK "BLOCK" true true false 10 Text 0 0 ,First,#,Database Connections\ArcGis as GISServices on COPD_GEN.sde\ARCGIS.GISSERVICES.PARCEL_GOVERN,BLOCK,-1,-1;LOT "LOT" true true false 10 Text 0 0 ,First,#,Database Connections\ArcGis as GISServices on COPD_GEN.sde\ARCGIS.GISSERVICES.PARCEL_GOVERN,LOT,-1,-1;TAX_MAP "TAX_MAP" true true false 32 Text 0 0 ,First,#,Database Connections\ArcGis as GISServices on COPD_GEN.sde\ARCGIS.GISSERVICES.PARCEL_GOVERN,TAX_MAP,-1,-1;OWNER_NAME "OWNER_NAME" true true false 80 Text 0 0 ,First,#,Database Connections\ArcGis as GISServices on COPD_GEN.sde\ARCGIS.GISSERVICES.PARCEL_GOVERN,OWNER_NAME,-1,-1;ADDRESS1 "ADDRESS1" true true false 80 Text 0 0 ,First,#,Database Connections\ArcGis as GISServices on COPD_GEN.sde\ARCGIS.GISSERVICES.PARCEL_GOVERN,ADDRESS1,-1,-1;ADDRESS2 "ADDRESS2" true true false 80 Text 0 0 ,First,#,Database Connections\ArcGis as GISServices on COPD_GEN.sde\ARCGIS.GISSERVICES.PARCEL_GOVERN,ADDRESS2,-1,-1;FREE_LINE_4 "FREE_LINE_4" true true false 80 Text 0 0 ,First,#,Database Connections\ArcGis as GISServices on COPD_GEN.sde\ARCGIS.GISSERVICES.PARCEL_GOVERN,FREE_LINE_4,-1,-1;P_ID "P_ID" true false false 4 Long 0 10 ,First,#,Database Connections\ArcGis as GISServices on COPD_GEN.sde\ARCGIS.GISSERVICES.PARCEL_GOVERN,P_ID,-1,-1;YEAR_ID "YEAR_ID" true false false 2 Short 0 5 ,First,#,Database Connections\ArcGis as GISServices on COPD_GEN.sde\ARCGIS.GISSERVICES.PARCEL_GOVERN,YEAR_ID,-1,-1;ACRES "ACRES" true true false 8 Double 8 38 ,First,#,Database Connections\ArcGis as GISServices on COPD_GEN.sde\ARCGIS.GISSERVICES.PARCEL_GOVERN,ACRES,-1,-1;TOTAL_VALUE "TOTAL_VALUE" true true false 8 Double 4 19 ,First,#,Database Connections\ArcGis as GISServices on COPD_GEN.sde\ARCGIS.GISSERVICES.PARCEL_GOVERN,TOTAL_VALUE,-1,-1;LAND_VALUE "LAND_VALUE" true true false 8 Double 4 19 ,First,#,Database Connections\ArcGis as GISServices on COPD_GEN.sde\ARCGIS.GISSERVICES.PARCEL_GOVERN,LAND_VALUE,-1,-1;BUILDING_VALUE "BUILDING_VALUE" true true false 8 Double 4 19 ,First,#,Database Connections\ArcGis as GISServices on COPD_GEN.sde\ARCGIS.GISSERVICES.PARCEL_GOVERN,BUILDING_VALUE,-1,-1;PROPERTY_ADDRESS "PROPERTY_ADDRESS" true true false 50 Text 0 0 ,First,#,Database Connections\ArcGis as GISServices on COPD_GEN.sde\ARCGIS.GISSERVICES.PARCEL_GOVERN,PROPERTY_ADDRESS,-1,-1;ZIP_POSTAL "ZIP_POSTAL" true true false 10 Text 0 0 ,First,#,Database Connections\ArcGis as GISServices on COPD_GEN.sde\ARCGIS.GISSERVICES.PARCEL_GOVERN,ZIP_POSTAL,-1,-1;Shape_STArea__ "Shape_STArea__" true false false 8 Double 8 38 ,First,#;Shape_STLength__ "Shape_STLength__" true false false 8 Double 8 38 ,First,#;Shape.STArea() "Shape.STArea()" false false true 0 Double 0 0 ,First,#,Database Connections\ArcGis as GISServices on COPD_GEN.sde\ARCGIS.GISSERVICES.PARCEL_GOVERN,Shape.STArea(),-1,-1;Shape.STLength() "Shape.STLength()" false false true 0 Double 0 0 ,First,#,Database Connections\ArcGis as GISServices on COPD_GEN.sde\ARCGIS.GISSERVICES.PARCEL_GOVERN,Shape.STLength(),-1,-1" #</Process><Process Name="Truncate Table" ToolSource="c:\program files (x86)\arcgis\desktop10.3\ArcToolbox\Toolboxes\Data Management Tools.tbx\TruncateTable" Date="20160125" Time="102333">TruncateTable "Database Connections\ArcGis as GISServices on COPD_GEN.sde\ArcGis.GISSERVICES.Land_Records_Production\ArcGis.GISSERVICES.ASSESSPAR_POLY"</Process><Process Name="Append" ToolSource="c:\program files (x86)\arcgis\desktop10.3\ArcToolbox\Toolboxes\Data Management Tools.tbx\Append" Date="20160125" Time="102430">Append 'Database Connections\ArcGis as GISServices on COPD_GEN.sde\ARCGIS.GISSERVICES.PARCEL_GOVERN' "Database Connections\ArcGis as GISServices on COPD_GEN.sde\ArcGis.GISSERVICES.Land_Records_Production\ArcGis.GISSERVICES.ASSESSPAR_POLY" NO_TEST "PIN "PIN" true true false 50 Text 0 0 ,First,#,Database Connections\ArcGis as GISServices on COPD_GEN.sde\ARCGIS.GISSERVICES.PARCEL_GOVERN,PIN,-1,-1;MAP "MAP" true true false 4 Text 0 0 ,First,#,Database Connections\ArcGis as GISServices on COPD_GEN.sde\ARCGIS.GISSERVICES.PARCEL_GOVERN,MAP,-1,-1;BLOCK "BLOCK" true true false 10 Text 0 0 ,First,#,Database Connections\ArcGis as GISServices on COPD_GEN.sde\ARCGIS.GISSERVICES.PARCEL_GOVERN,BLOCK,-1,-1;LOT "LOT" true true false 10 Text 0 0 ,First,#,Database Connections\ArcGis as GISServices on COPD_GEN.sde\ARCGIS.GISSERVICES.PARCEL_GOVERN,LOT,-1,-1;TAX_MAP "TAX_MAP" true true false 32 Text 0 0 ,First,#,Database Connections\ArcGis as GISServices on COPD_GEN.sde\ARCGIS.GISSERVICES.PARCEL_GOVERN,TAX_MAP,-1,-1;OWNER_NAME "OWNER_NAME" true true false 80 Text 0 0 ,First,#,Database Connections\ArcGis as GISServices on COPD_GEN.sde\ARCGIS.GISSERVICES.PARCEL_GOVERN,OWNER_NAME,-1,-1;ADDRESS1 "ADDRESS1" true true false 80 Text 0 0 ,First,#,Database Connections\ArcGis as GISServices on COPD_GEN.sde\ARCGIS.GISSERVICES.PARCEL_GOVERN,ADDRESS1,-1,-1;ADDRESS2 "ADDRESS2" true true false 80 Text 0 0 ,First,#,Database Connections\ArcGis as GISServices on COPD_GEN.sde\ARCGIS.GISSERVICES.PARCEL_GOVERN,ADDRESS2,-1,-1;FREE_LINE_4 "FREE_LINE_4" true true false 80 Text 0 0 ,First,#,Database Connections\ArcGis as GISServices on COPD_GEN.sde\ARCGIS.GISSERVICES.PARCEL_GOVERN,FREE_LINE_4,-1,-1;P_ID "P_ID" true false false 4 Long 0 10 ,First,#,Database Connections\ArcGis as GISServices on COPD_GEN.sde\ARCGIS.GISSERVICES.PARCEL_GOVERN,P_ID,-1,-1;YEAR_ID "YEAR_ID" true false false 2 Short 0 5 ,First,#,Database Connections\ArcGis as GISServices on COPD_GEN.sde\ARCGIS.GISSERVICES.PARCEL_GOVERN,YEAR_ID,-1,-1;ACRES "ACRES" true true false 8 Double 8 38 ,First,#,Database Connections\ArcGis as GISServices on COPD_GEN.sde\ARCGIS.GISSERVICES.PARCEL_GOVERN,ACRES,-1,-1;TOTAL_VALUE "TOTAL_VALUE" true true false 8 Double 4 19 ,First,#,Database Connections\ArcGis as GISServices on COPD_GEN.sde\ARCGIS.GISSERVICES.PARCEL_GOVERN,TOTAL_VALUE,-1,-1;LAND_VALUE "LAND_VALUE" true true false 8 Double 4 19 ,First,#,Database Connections\ArcGis as GISServices on COPD_GEN.sde\ARCGIS.GISSERVICES.PARCEL_GOVERN,LAND_VALUE,-1,-1;BUILDING_VALUE "BUILDING_VALUE" true true false 8 Double 4 19 ,First,#,Database Connections\ArcGis as GISServices on COPD_GEN.sde\ARCGIS.GISSERVICES.PARCEL_GOVERN,BUILDING_VALUE,-1,-1;PROPERTY_ADDRESS "PROPERTY_ADDRESS" true true false 50 Text 0 0 ,First,#,Database Connections\ArcGis as GISServices on COPD_GEN.sde\ARCGIS.GISSERVICES.PARCEL_GOVERN,PROPERTY_ADDRESS,-1,-1;ZIP_POSTAL "ZIP_POSTAL" true true false 10 Text 0 0 ,First,#,Database Connections\ArcGis as GISServices on COPD_GEN.sde\ARCGIS.GISSERVICES.PARCEL_GOVERN,ZIP_POSTAL,-1,-1;Shape_STArea__ "Shape_STArea__" true false false 8 Double 8 38 ,First,#;Shape_STLength__ "Shape_STLength__" true false false 8 Double 8 38 ,First,#;Shape.STArea() "Shape.STArea()" false false true 0 Double 0 0 ,First,#,Database Connections\ArcGis as GISServices on COPD_GEN.sde\ARCGIS.GISSERVICES.PARCEL_GOVERN,Shape.STArea(),-1,-1;Shape.STLength() "Shape.STLength()" false false true 0 Double 0 0 ,First,#,Database Connections\ArcGis as GISServices on COPD_GEN.sde\ARCGIS.GISSERVICES.PARCEL_GOVERN,Shape.STLength(),-1,-1" #</Process></lineage></DataProperties><SyncDate>20160219</SyncDate><SyncTime>15470400</SyncTime><ModDate>20160219</ModDate><ModTime>15470400</ModTime></Esri><dataIdInfo><envirDesc Sync="TRUE">Microsoft Windows 7 Version 6.1 (Build 7601) Service Pack 1; Esri ArcGIS 10.3.1.4959</envirDesc><dataLang><languageCode value="eng" Sync="TRUE"/><countryCode value="USA" Sync="TRUE"/></dataLang><idCitation><resTitle Sync="TRUE">Parcels_2015</resTitle><presForm><PresFormCd value="005" Sync="TRUE"/></presForm></idCitation><spatRpType><SpatRepTypCd value="001" Sync="TRUE"/></spatRpType></dataIdInfo><mdLang><languageCode value="eng" Sync="TRUE"/><countryCode value="USA" Sync="TRUE"/></mdLang><distInfo><distFormat><formatName Sync="TRUE">Shapefile</formatName></distFormat><distTranOps><transSize Sync="TRUE">0.000</transSize></distTranOps></distInfo><mdHrLv><ScopeCd value="005" Sync="TRUE"/></mdHrLv><mdHrLvName Sync="TRUE">dataset</mdHrLvName><refSysInfo><RefSystem><refSysID><identCode code="3438" Sync="TRUE"/><idCodeSpace Sync="TRUE">EPSG</idCodeSpace><idVersion Sync="TRUE">8.6.2</idVersion></refSysID></RefSystem></refSysInfo><spatRepInfo><VectSpatRep><geometObjs Name="Parcels_2015"><geoObjTyp><GeoObjTypCd value="002" Sync="TRUE"></GeoObjTypCd></geoObjTyp><geoObjCnt Sync="TRUE">0</geoObjCnt></geometObjs><topLvl><TopoLevCd value="001" Sync="TRUE"></TopoLevCd></topLvl></VectSpatRep></spatRepInfo><spdoinfo><ptvctinf><esriterm Name="Parcels_2015"><efeatyp Sync="TRUE">Simple</efeatyp><efeageom code="4" Sync="TRUE"></efeageom><esritopo Sync="TRUE">FALSE</esritopo><efeacnt Sync="TRUE">0</efeacnt><spindex Sync="TRUE">FALSE</spindex><linrefer Sync="TRUE">FALSE</linrefer></esriterm></ptvctinf></spdoinfo><eainfo><detailed Name="Parcels_2015"><enttyp><enttypl Sync="TRUE">Parcels_2015</enttypl><enttypt Sync="TRUE">Feature Class</enttypt><enttypc Sync="TRUE">0</enttypc></enttyp><attr><attrlabl Sync="TRUE">FID</attrlabl><attalias Sync="TRUE">FID</attalias><attrtype Sync="TRUE">OID</attrtype><attwidth Sync="TRUE">4</attwidth><atprecis Sync="TRUE">0</atprecis><attscale Sync="TRUE">0</attscale><attrdef Sync="TRUE">Internal feature number.</attrdef><attrdefs Sync="TRUE">Esri</attrdefs><attrdomv><udom Sync="TRUE">Sequential unique whole numbers that are automatically generated.</udom></attrdomv></attr><attr><attrlabl Sync="TRUE">PIN</attrlabl><attalias Sync="TRUE">PIN</attalias><attrtype Sync="TRUE">String</attrtype><attwidth Sync="TRUE">50</attwidth><atprecis Sync="TRUE">0</atprecis><attscale Sync="TRUE">0</attscale></attr><attr><attrlabl Sync="TRUE">MAP</attrlabl><attalias Sync="TRUE">MAP</attalias><attrtype Sync="TRUE">String</attrtype><attwidth Sync="TRUE">4</attwidth><atprecis Sync="TRUE">0</atprecis><attscale Sync="TRUE">0</attscale></attr><attr><attrlabl Sync="TRUE">BLOCK</attrlabl><attalias Sync="TRUE">BLOCK</attalias><attrtype Sync="TRUE">String</attrtype><attwidth Sync="TRUE">10</attwidth><atprecis Sync="TRUE">0</atprecis><attscale Sync="TRUE">0</attscale></attr><attr><attrlabl Sync="TRUE">LOT</attrlabl><attalias Sync="TRUE">LOT</attalias><attrtype Sync="TRUE">String</attrtype><attwidth Sync="TRUE">10</attwidth><atprecis Sync="TRUE">0</atprecis><attscale Sync="TRUE">0</attscale></attr><attr><attrlabl Sync="TRUE">TAX_MAP</attrlabl><attalias Sync="TRUE">TAX_MAP</attalias><attrtype Sync="TRUE">String</attrtype><attwidth Sync="TRUE">32</attwidth><atprecis Sync="TRUE">0</atprecis><attscale Sync="TRUE">0</attscale></attr><attr><attrlabl Sync="TRUE">OWNER_NAME</attrlabl><attalias Sync="TRUE">OWNER_NAME</attalias><attrtype Sync="TRUE">String</attrtype><attwidth Sync="TRUE">80</attwidth><atprecis Sync="TRUE">0</atprecis><attscale Sync="TRUE">0</attscale></attr><attr><attrlabl Sync="TRUE">ADDRESS1</attrlabl><attalias Sync="TRUE">ADDRESS1</attalias><attrtype Sync="TRUE">String</attrtype><attwidth Sync="TRUE">80</attwidth><atprecis Sync="TRUE">0</atprecis><attscale Sync="TRUE">0</attscale></attr><attr><attrlabl Sync="TRUE">ADDRESS2</attrlabl><attalias Sync="TRUE">ADDRESS2</attalias><attrtype Sync="TRUE">String</attrtype><attwidth Sync="TRUE">80</attwidth><atprecis Sync="TRUE">0</atprecis><attscale Sync="TRUE">0</attscale></attr><attr><attrlabl Sync="TRUE">P_ID</attrlabl><attalias Sync="TRUE">P_ID</attalias><attrtype Sync="TRUE">Integer</attrtype><attwidth Sync="TRUE">10</attwidth><atprecis Sync="TRUE">10</atprecis><attscale Sync="TRUE">0</attscale></attr><attr><attrlabl Sync="TRUE">FREE_LINE_</attrlabl><attalias Sync="TRUE">FREE_LINE_</attalias><attrtype Sync="TRUE">String</attrtype><attwidth Sync="TRUE">80</attwidth><atprecis Sync="TRUE">0</atprecis><attscale Sync="TRUE">0</attscale></attr><attr><attrlabl Sync="TRUE">YEAR_ID</attrlabl><attalias Sync="TRUE">YEAR_ID</attalias><attrtype Sync="TRUE">SmallInteger</attrtype><attwidth Sync="TRUE">5</attwidth><atprecis Sync="TRUE">5</atprecis><attscale Sync="TRUE">0</attscale></attr><attr><attrlabl Sync="TRUE">ACRES</attrlabl><attalias Sync="TRUE">ACRES</attalias><attrtype Sync="TRUE">Double</attrtype><attwidth Sync="TRUE">19</attwidth><atprecis Sync="TRUE">18</atprecis><attscale Sync="TRUE">8</attscale></attr><attr><attrlabl Sync="TRUE">LAND_VALUE</attrlabl><attalias Sync="TRUE">LAND_VALUE</attalias><attrtype Sync="TRUE">Double</attrtype><attwidth Sync="TRUE">19</attwidth><atprecis Sync="TRUE">18</atprecis><attscale Sync="TRUE">4</attscale></attr><attr><attrlabl Sync="TRUE">TOTAL_VALU</attrlabl><attalias Sync="TRUE">TOTAL_VALU</attalias><attrtype Sync="TRUE">Double</attrtype><attwidth Sync="TRUE">19</attwidth><atprecis Sync="TRUE">18</atprecis><attscale Sync="TRUE">4</attscale></attr><attr><attrlabl Sync="TRUE">ZIP_POSTAL</attrlabl><attalias Sync="TRUE">ZIP_POSTAL</attalias><attrtype Sync="TRUE">String</attrtype><attwidth Sync="TRUE">10</attwidth><atprecis Sync="TRUE">0</atprecis><attscale Sync="TRUE">0</attscale></attr><attr><attrlabl Sync="TRUE">BUILDING_V</attrlabl><attalias Sync="TRUE">BUILDING_V</attalias><attrtype Sync="TRUE">Double</attrtype><attwidth Sync="TRUE">19</attwidth><atprecis Sync="TRUE">18</atprecis><attscale Sync="TRUE">4</attscale></attr><attr><attrlabl Sync="TRUE">PROPERTY_A</attrlabl><attalias Sync="TRUE">PROPERTY_A</attalias><attrtype Sync="TRUE">String</attrtype><attwidth Sync="TRUE">50</attwidth><atprecis Sync="TRUE">0</atprecis><attscale Sync="TRUE">0</attscale></attr><attr><attrlabl Sync="TRUE">Shape</attrlabl><attalias Sync="TRUE">Shape</attalias><attrtype Sync="TRUE">Geometry</attrtype><attwidth Sync="TRUE">0</attwidth><atprecis Sync="TRUE">0</atprecis><attscale Sync="TRUE">0</attscale><attrdef Sync="TRUE">Feature geometry.</attrdef><attrdefs Sync="TRUE">Esri</attrdefs><attrdomv><udom Sync="TRUE">Coordinates defining the features.</udom></attrdomv></attr><attr><attrlabl Sync="TRUE">Shape_STAr</attrlabl><attalias Sync="TRUE">Shape_STAr</attalias><attrtype Sync="TRUE">Double</attrtype><attwidth Sync="TRUE">19</attwidth><atprecis Sync="TRUE">18</atprecis><attscale Sync="TRUE">8</attscale></attr><attr><attrlabl Sync="TRUE">Shape_STLe</attrlabl><attalias Sync="TRUE">Shape_STLe</attalias><attrtype Sync="TRUE">Double</attrtype><attwidth Sync="TRUE">19</attwidth><atprecis Sync="TRUE">18</atprecis><attscale Sync="TRUE">8</attscale></attr><attr><attrlabl Sync="TRUE">Shape_ST_1</attrlabl><attalias Sync="TRUE">Shape_ST_1</attalias><attrtype Sync="TRUE">Double</attrtype><attwidth Sync="TRUE">19</attwidth><atprecis Sync="TRUE">0</atprecis><attscale Sync="TRUE">0</attscale></attr><attr><attrlabl Sync="TRUE">Shape_ST_2</attrlabl><attalias Sync="TRUE">Shape_ST_2</attalias><attrtype Sync="TRUE">Double</attrtype><attwidth Sync="TRUE">19</attwidth><atprecis Sync="TRUE">0</atprecis><attscale Sync="TRUE">0</attscale></attr></detailed></eainfo><mdDateSt Sync="TRUE">20160219</mdDateSt></metadata>
