<metadata xml:lang="en"><Esri><CreaDate>20150213</CreaDate><CreaTime>14145400</CreaTime><SyncOnce>FALSE</SyncOnce><SyncDate>20150731</SyncDate><SyncTime>11314700</SyncTime><ModDate>20150731</ModDate><ModTime>11314700</ModTime><DataProperties><lineage><Process Name="FeatureClassToFeatureClass_5" ToolSource="C:\Program Files\ArcGIS\ArcToolbox\Toolboxes\Conversion Tools.tbx\FeatureClassToFeatureClass" Date="20070116" Time="150920">FeatureClassToFeatureClass C:\Providence.mdb\Features\Building "Database Connections\Connection to GIS_Server As SDE.sde\sde.SDE.Base Map" Building # "FCODE FCODE true true false 2 Short 0 0 ,First,#,C:\Providence.mdb\Features\Building,FCODE,-1,-1;NAME NAME true true false 50 Text 0 0 ,First,#,C:\Providence.mdb\Features\Building,NAME,-1,-1;SHAPE_Length SHAPE_Length false true true 8 Double 0 0 ,First,#,C:\Providence.mdb\Features\Building,SHAPE_Length,-1,-1;SHAPE_Area SHAPE_Area false true true 8 Double 0 0 ,First,#,C:\Providence.mdb\Features\Building,SHAPE_Area,-1,-1;ELEV ELEV true true false 8 Double 0 0 ,First,#,C:\Providence.mdb\Features\Building,ELEV,-1,-1" # "Database Connections\Connection to GIS_Server As SDE.sde\sde.SDE.Base Map\sde.SDE.Building"</Process><Process ToolSource="C:\Program Files\ArcGIS\ArcToolbox\Toolboxes\Analysis Tools.tbx\SpatialJoin" Date="20100924" Time="104132">SpatialJoin "Y:\Projects_2010\PEMA\Data\Spatial\New Personal Geodatabase.mdb\Building" "Y:\Projects_2010\PEMA\Data\Spatial\New Personal Geodatabase.mdb\Building_High_Pt_v1" "Y:\Projects_2010\PEMA\Data\Spatial\New Personal Geodatabase.mdb\Building_SpatialJoin" JOIN_ONE_TO_ONE KEEP_ALL "FCODE 'FCODE' true true false 2 Short 0 0 ,First,#,Y:\Projects_2010\PEMA\Data\Spatial\New Personal Geodatabase.mdb\Building,FCODE,-1,-1;NAME 'NAME' true true false 50 Text 0 0 ,First,#,Y:\Projects_2010\PEMA\Data\Spatial\New Personal Geodatabase.mdb\Building,NAME,-1,-1;ELEV 'ELEV' true true false 8 Double 0 0 ,First,#,Y:\Projects_2010\PEMA\Data\Spatial\New Personal Geodatabase.mdb\Building,ELEV,-1,-1;Shape_Length 'Shape_Length' false true true 8 Double 0 0 ,First,#,Y:\Projects_2010\PEMA\Data\Spatial\New Personal Geodatabase.mdb\Building,Shape_Length,-1,-1;Shape_Area 'Shape_Area' false true true 8 Double 0 0 ,First,#,Y:\Projects_2010\PEMA\Data\Spatial\New Personal Geodatabase.mdb\Building,Shape_Area,-1,-1;ELEV_1 'ELEV_1' true true false 8 Double 0 0 ,First,#,Y:\Projects_2010\PEMA\Data\Spatial\New Personal Geodatabase.mdb\Building_High_Pt_v1,ELEV,-1,-1;ELEV_12 'ELEV_12' true true false 4 Long 0 0 ,First,#,Y:\Projects_2010\PEMA\Data\Spatial\New Personal Geodatabase.mdb\Building_High_Pt_v1,ELEV_1,-1,-1;Bldg_Hght 'Bldg_Hght' true true false 2 Short 0 0 ,First,#,Y:\Projects_2010\PEMA\Data\Spatial\New Personal Geodatabase.mdb\Building_High_Pt_v1,Bldg_Hght,-1,-1" CONTAINS "0 Unknown" #</Process><Process ToolSource="C:\Program Files\ArcGIS\Desktop10.0\ArcToolbox\Toolboxes\Data Management Tools.tbx\CalculateField" Date="20110317" Time="121933">CalculateField Building_wHeight Bldg_Hght "[ELEV] - [ELEV_12]" VB #</Process><Process ToolSource="C:\Program Files\ArcGIS\Desktop10.0\ArcToolbox\Toolboxes\Data Management Tools.tbx\CalculateField" Date="20110317" Time="122139">CalculateField Building_wHeight Bldg_Hght "[ELEV] - [ELEV_12]" VB #</Process><Process ToolSource="C:\Program Files\ArcGIS\Desktop10.0\ArcToolbox\Toolboxes\Data Management Tools.tbx\CalculateField" Date="20110317" Time="122246">CalculateField Building_wHeight Bldg_Hght "[ELEV] - [ELEV_12]" VB #</Process><Process ToolSource="C:\Program Files\ArcGIS\Desktop10.0\ArcToolbox\Toolboxes\Conversion Tools.tbx\FeatureClassToFeatureClass" Date="20111201" Time="152454">FeatureClassToFeatureClass "Y:\Projects_2010\PEMA\Data\Spatial\New Personal Geodatabase.mdb\Building_wHeight" "Database Connections\Connection to gis_server.sde\sde.SDE.Base Map" Building_wZ # "Join_Count "Join_Count" true true false 4 Long 0 0 ,First,#,Y:\Projects_2010\PEMA\Data\Spatial\New Personal Geodatabase.mdb\Building_wHeight,Join_Count,-1,-1;FCODE "FCODE" true true false 2 Short 0 0 ,First,#,Y:\Projects_2010\PEMA\Data\Spatial\New Personal Geodatabase.mdb\Building_wHeight,FCODE,-1,-1;NAME "NAME" true true false 50 Text 0 0 ,First,#,Y:\Projects_2010\PEMA\Data\Spatial\New Personal Geodatabase.mdb\Building_wHeight,NAME,-1,-1;ELEV "ELEV" true true false 8 Double 0 0 ,First,#,Y:\Projects_2010\PEMA\Data\Spatial\New Personal Geodatabase.mdb\Building_wHeight,ELEV,-1,-1;ELEV_1 "ELEV_1" true true false 8 Double 0 0 ,First,#,Y:\Projects_2010\PEMA\Data\Spatial\New Personal Geodatabase.mdb\Building_wHeight,ELEV_1,-1,-1;ELEV_12 "ELEV_12" true true false 4 Long 0 0 ,First,#,Y:\Projects_2010\PEMA\Data\Spatial\New Personal Geodatabase.mdb\Building_wHeight,ELEV_12,-1,-1;Bldg_Hght "Bldg_Hght" true true false 2 Short 0 0 ,First,#,Y:\Projects_2010\PEMA\Data\Spatial\New Personal Geodatabase.mdb\Building_wHeight,Bldg_Hght,-1,-1;Shape_Length "Shape_Length" false true true 8 Double 0 0 ,First,#,Y:\Projects_2010\PEMA\Data\Spatial\New Personal Geodatabase.mdb\Building_wHeight,Shape_Length,-1,-1;Shape_Area "Shape_Area" false true true 8 Double 0 0 ,First,#,Y:\Projects_2010\PEMA\Data\Spatial\New Personal Geodatabase.mdb\Building_wHeight,Shape_Area,-1,-1" #</Process><Process ToolSource="c:\program files\arcgis\desktop10.0\ArcToolbox\Toolboxes\Data Management Tools.tbx\DeleteField" Date="20120409" Time="094327">DeleteField Building_wHeight_v1 OBJECTID;Join_Count;FCODE;ELEV;Shape_area;Shape_len</Process><Process ToolSource="c:\program files\arcgis\desktop10.0\ArcToolbox\Toolboxes\Data Management Tools.tbx\CalculateField" Date="20120409" Time="094552">CalculateField Building_wHeight_v1 BLGD_ELEV [ELEV_1] VB #</Process><Process ToolSource="c:\program files\arcgis\desktop10.0\ArcToolbox\Toolboxes\Data Management Tools.tbx\CalculateField" Date="20120409" Time="094702">CalculateField Building_wHeight_v1 BLDG_ELEV [ELEV_1] VB #</Process><Process ToolSource="c:\program files\arcgis\desktop10.0\ArcToolbox\Toolboxes\Data Management Tools.tbx\CalculateField" Date="20120409" Time="094803">CalculateField Building_wHeight_v1 GRD_ELEV [ELEV_12] VB #</Process><Process ToolSource="c:\program files\arcgis\desktop10.0\ArcToolbox\Toolboxes\Data Management Tools.tbx\CalculateField" Date="20120409" Time="094948">CalculateField Building_wHeight_v1 BLDG_HGT [Bldg_Hght] VB #</Process><Process ToolSource="c:\program files\arcgis\desktop10.0\ArcToolbox\Toolboxes\Data Management Tools.tbx\DeleteField" Date="20120409" Time="095025">DeleteField Building_wHeight_v1 ELEV_1;ELEV_12;Bldg_Hght</Process><Process ToolSource="c:\program files\arcgis\desktop10.0\ArcToolbox\Toolboxes\Data Management Tools.tbx\CalculateField" Date="20120409" Time="100153">CalculateField Building_wHeight_v1 DEMO "YES" VB #</Process><Process ToolSource="c:\program files\arcgis\desktop10.0\ArcToolbox\Toolboxes\Conversion Tools.tbx\FeatureClassToFeatureClass" Date="20120409" Time="105013">FeatureClassToFeatureClass C:\Temp\Building_wHeight_v1.shp "Database Connections\Connection to gis_server.sde\sde.SDE.Base Map" Building_v1 # "NAME "NAME" true true false 50 Text 0 0 ,First,#,C:\Temp\Building_wHeight_v1.shp,NAME,-1,-1;BLDG_ELEV "BLDG_ELEV" true true false 19 Double 0 0 ,First,#,C:\Temp\Building_wHeight_v1.shp,BLDG_ELEV,-1,-1;GRD_ELEV "GRD_ELEV" true true false 19 Double 0 0 ,First,#,C:\Temp\Building_wHeight_v1.shp,GRD_ELEV,-1,-1;BLDG_HGT "BLDG_HGT" true true false 19 Double 0 0 ,First,#,C:\Temp\Building_wHeight_v1.shp,BLDG_HGT,-1,-1;DEMO "DEMO" true true false 5 Text 0 0 ,First,#,C:\Temp\Building_wHeight_v1.shp,DEMO,-1,-1" #</Process><Process ToolSource="c:\program files (x86)\arcgis\desktop10.2\ArcToolbox\Toolboxes\Data Management Tools.tbx\ChangePrivileges" Date="20140530" Time="095845">ChangePrivileges 'Database Connections\ArcGis as GISServices on COPD_GEN.sde\ArcGis.GISSERVICES.Base_Map\ArcGis.GISSERVICES.Utility';'Database Connections\ArcGis as GISServices on COPD_GEN.sde\ArcGis.GISSERVICES.Base_Map\ArcGis.GISSERVICES.Tank';'Database Connections\ArcGis as GISServices on COPD_GEN.sde\ArcGis.GISSERVICES.Base_Map\ArcGis.GISSERVICES.Storm';'Database Connections\ArcGis as GISServices on COPD_GEN.sde\ArcGis.GISSERVICES.Base_Map\ArcGis.GISSERVICES.Tree';'Database Connections\ArcGis as GISServices on COPD_GEN.sde\ArcGis.GISSERVICES.Base_Map\ArcGis.GISSERVICES.Sign';'Database Connections\ArcGis as GISServices on COPD_GEN.sde\ArcGis.GISSERVICES.Base_Map\ArcGis.GISSERVICES.Sidewalk';'Database Connections\ArcGis as GISServices on COPD_GEN.sde\ArcGis.GISSERVICES.Base_Map\ArcGis.GISSERVICES.Rail';'Database Connections\ArcGis as GISServices on COPD_GEN.sde\ArcGis.GISSERVICES.Base_Map\ArcGis.GISSERVICES.Parking';'Database Connections\ArcGis as GISServices on COPD_GEN.sde\ArcGis.GISSERVICES.Base_Map\ArcGis.GISSERVICES.Hydrants';'Database Connections\ArcGis as GISServices on COPD_GEN.sde\ArcGis.GISSERVICES.Base_Map\ArcGis.GISSERVICES.Driveway';'Database Connections\ArcGis as GISServices on COPD_GEN.sde\ArcGis.GISSERVICES.Base_Map\ArcGis.GISSERVICES.Curb';'Database Connections\ArcGis as GISServices on COPD_GEN.sde\ArcGis.GISSERVICES.Base_Map\ArcGis.GISSERVICES.Contours';'Database Connections\ArcGis as GISServices on COPD_GEN.sde\ArcGis.GISSERVICES.Base_Map\ArcGis.GISSERVICES.Cemetery';'Database Connections\ArcGis as GISServices on COPD_GEN.sde\ArcGis.GISSERVICES.Base_Map\ArcGis.GISSERVICES.Catch_Basin';'Database Connections\ArcGis as GISServices on COPD_GEN.sde\ArcGis.GISSERVICES.Base_Map\ArcGis.GISSERVICES.Buildings';'Database Connections\ArcGis as GISServices on COPD_GEN.sde\ArcGis.GISSERVICES.Base_Map\ArcGis.GISSERVICES.Building_High_Pt';'Database Connections\ArcGis as GISServices on COPD_GEN.sde\ArcGis.GISSERVICES.Base_Map\ArcGis.GISSERVICES.Building_Anno';'Database Connections\ArcGis as GISServices on COPD_GEN.sde\ArcGis.GISSERVICES.Base_Map\ArcGis.GISSERVICES.Bridges' GISViewer GRANT #</Process><Process ToolSource="c:\program files (x86)\arcgis\desktop10.2\ArcToolbox\Toolboxes\Data Management Tools.tbx\CalculateField" Date="20140721" Time="110635">CalculateField ArcGis.GISSERVICES.Buildings DEMO "YES" VB #</Process><Process ToolSource="c:\program files (x86)\arcgis\desktop10.2\ArcToolbox\Toolboxes\Data Management Tools.tbx\CalculateField" Date="20140721" Time="110754">CalculateField ArcGis.GISSERVICES.Buildings DEMO "NO" VB #</Process><Process ToolSource="c:\program files (x86)\arcgis\desktop10.2\ArcToolbox\Toolboxes\Data Management Tools.tbx\CalculateField" Date="20150508" Time="115543">CalculateField Buildings Source "Vision Database (2005)" VB #</Process><Process ToolSource="c:\program files (x86)\arcgis\desktop10.2\ArcToolbox\Toolboxes\Data Management Tools.tbx\CalculateField" Date="20150508" Time="115716">CalculateField Buildings LastUpdate 5/7/2015 VB #</Process><Process ToolSource="c:\program files (x86)\arcgis\desktop10.2\ArcToolbox\Toolboxes\Data Management Tools.tbx\CalculateField" Date="20150508" Time="115731">CalculateField Buildings LastUpdate "5/8/2015" VB #</Process><Process ToolSource="c:\program files (x86)\arcgis\desktop10.2\ArcToolbox\Toolboxes\Data Management Tools.tbx\CalculateField" Date="20150602" Time="121656">CalculateField Buildings Source "Vision Database (2005)" VB #</Process><Process ToolSource="c:\program files (x86)\arcgis\desktop10.2\ArcToolbox\Toolboxes\Data Management Tools.tbx\CalculateField" Date="20150602" Time="121737">CalculateField Buildings LastUpdate 6/01/2015 VB #</Process><Process ToolSource="c:\program files (x86)\arcgis\desktop10.2\ArcToolbox\Toolboxes\Data Management Tools.tbx\CalculateField" Date="20150602" Time="121925">CalculateField Buildings LastUpdate "6/1/2015" VB #</Process><Process ToolSource="c:\program files (x86)\arcgis\desktop10.2\ArcToolbox\Toolboxes\Data Management Tools.tbx\CalculateField" Date="20150602" Time="122000">CalculateField Buildings Source "Vision Database (2006)" VB #</Process><Process ToolSource="c:\program files (x86)\arcgis\desktop10.2\ArcToolbox\Toolboxes\Data Management Tools.tbx\CalculateField" Date="20150602" Time="122041">CalculateField Buildings DEMO "NO" VB #</Process><Process ToolSource="c:\program files (x86)\arcgis\desktop10.2\ArcToolbox\Toolboxes\Data Management Tools.tbx\CalculateField" Date="20150609" Time="154149">CalculateField Buildings LastUpdate 6/2/2015 VB #</Process><Process ToolSource="c:\program files (x86)\arcgis\desktop10.2\ArcToolbox\Toolboxes\Data Management Tools.tbx\CalculateField" Date="20150609" Time="154202">CalculateField Buildings LastUpdate "6/2/2015" VB #</Process><Process ToolSource="c:\program files (x86)\arcgis\desktop10.2\ArcToolbox\Toolboxes\Data Management Tools.tbx\CalculateField" Date="20150609" Time="154212">CalculateField Buildings LastUpdate "6/9/2015" VB #</Process><Process ToolSource="c:\program files (x86)\arcgis\desktop10.2\ArcToolbox\Toolboxes\Data Management Tools.tbx\CalculateField" Date="20150609" Time="154226">CalculateField Buildings Source "Vision Database (2007)" VB #</Process><Process ToolSource="c:\program files (x86)\arcgis\desktop10.2\ArcToolbox\Toolboxes\Data Management Tools.tbx\CalculateField" Date="20150609" Time="161529">CalculateField Buildings LastUpdate "6/9/2015" VB #</Process><Process ToolSource="c:\program files (x86)\arcgis\desktop10.2\ArcToolbox\Toolboxes\Data Management Tools.tbx\CalculateField" Date="20150609" Time="161547">CalculateField Buildings Source "Vision Database (2008)" VB #</Process><Process ToolSource="c:\program files (x86)\arcgis\desktop10.2\ArcToolbox\Toolboxes\Data Management Tools.tbx\CalculateField" Date="20150623" Time="113042">CalculateField Buildings Source "Vision Database (2009)" VB #</Process><Process ToolSource="c:\program files (x86)\arcgis\desktop10.2\ArcToolbox\Toolboxes\Data Management Tools.tbx\CalculateField" Date="20150624" Time="105218">CalculateField Buildings Source "Vision Database (2010)" VB #</Process><Process ToolSource="c:\program files (x86)\arcgis\desktop10.2\ArcToolbox\Toolboxes\Data Management Tools.tbx\CalculateField" Date="20150624" Time="154208">CalculateField Buildings Source "Vision Database (2012)" VB #</Process><Process ToolSource="c:\program files (x86)\arcgis\desktop10.2\ArcToolbox\Toolboxes\Data Management Tools.tbx\CalculateField" Date="20150624" Time="154427">CalculateField Buildings DEMO "YES" VB #</Process><Process ToolSource="c:\program files (x86)\arcgis\desktop10.2\ArcToolbox\Toolboxes\Data Management Tools.tbx\CalculateField" Date="20150624" Time="154641">CalculateField Buildings Source "Vision Database (2013)" VB #</Process><Process ToolSource="c:\program files (x86)\arcgis\desktop10.2\ArcToolbox\Toolboxes\Data Management Tools.tbx\CalculateField" Date="20150624" Time="154757">CalculateField Buildings DEMO "YES" VB #</Process><Process ToolSource="c:\program files (x86)\arcgis\desktop10.2\ArcToolbox\Toolboxes\Data Management Tools.tbx\CalculateField" Date="20150625" Time="094617">CalculateField Buildings Source "Vision Database (2013)" VB #</Process><Process ToolSource="c:\program files (x86)\arcgis\desktop10.2\ArcToolbox\Toolboxes\Data Management Tools.tbx\CalculateField" Date="20150625" Time="142637">CalculateField Buildings Source "Vision Database (2007)" VB #</Process><Process ToolSource="c:\program files (x86)\arcgis\desktop10.2\ArcToolbox\Toolboxes\Data Management Tools.tbx\CalculateField" Date="20150625" Time="142734">CalculateField Buildings Source "Vision Database (2007)" VB #</Process><Process ToolSource="c:\program files (x86)\arcgis\desktop10.2\ArcToolbox\Toolboxes\Data Management Tools.tbx\CalculateField" Date="20150625" Time="142749">CalculateField Buildings LastUpdate "6/25/2015" VB #</Process><Process ToolSource="c:\program files (x86)\arcgis\desktop10.2\ArcToolbox\Toolboxes\Data Management Tools.tbx\CalculateField" Date="20150625" Time="142813">CalculateField Buildings LastUpdate "6/25/2015" VB #</Process><Process ToolSource="c:\program files (x86)\arcgis\desktop10.2\ArcToolbox\Toolboxes\Data Management Tools.tbx\CalculateField" Date="20150630" Time="112528">CalculateField Buildings Source "Vision Database (2005)" VB #</Process><Process ToolSource="c:\program files (x86)\arcgis\desktop10.2\ArcToolbox\Toolboxes\Data Management Tools.tbx\CalculateField" Date="20150630" Time="112548">CalculateField Buildings LastUpdate "6/29/2015" VB #</Process><Process ToolSource="c:\program files (x86)\arcgis\desktop10.2\ArcToolbox\Toolboxes\Data Management Tools.tbx\CalculateField" Date="20150701" Time="145425">CalculateField Buildings DEMO "NO" VB #</Process><Process ToolSource="c:\program files (x86)\arcgis\desktop10.2\ArcToolbox\Toolboxes\Conversion Tools.tbx\FeatureClassToFeatureClass" Date="20150702" Time="141228">FeatureClassToFeatureClass M:\Projects_2015\GIS_Updates\Data\Spatial\Data.gdb\Buildings "Database Connections\ArcGis as GISServices on COPD_GEN.sde\ArcGis.GISSERVICES.Base_Map" Buildings_v1 # "NAME "NAME" true true false 50 Text 0 0 ,First,#,M:\Projects_2015\GIS_Updates\Data\Spatial\Data.gdb\Buildings,NAME,-1,-1;BLDG_ELEV "BLDG_ELEV" true true false 8 Double 0 0 ,First,#,M:\Projects_2015\GIS_Updates\Data\Spatial\Data.gdb\Buildings,BLDG_ELEV,-1,-1;GRD_ELEV "GRD_ELEV" true true false 8 Double 0 0 ,First,#,M:\Projects_2015\GIS_Updates\Data\Spatial\Data.gdb\Buildings,GRD_ELEV,-1,-1;BLDG_HGT "BLDG_HGT" true true false 8 Double 0 0 ,First,#,M:\Projects_2015\GIS_Updates\Data\Spatial\Data.gdb\Buildings,BLDG_HGT,-1,-1;DEMO "DEMO" true true false 5 Text 0 0 ,First,#,M:\Projects_2015\GIS_Updates\Data\Spatial\Data.gdb\Buildings,DEMO,-1,-1;Shape_Length "Shape_Length" false true true 8 Double 0 0 ,First,#,M:\Projects_2015\GIS_Updates\Data\Spatial\Data.gdb\Buildings,Shape_Length,-1,-1;Shape_Area "Shape_Area" false true true 8 Double 0 0 ,First,#,M:\Projects_2015\GIS_Updates\Data\Spatial\Data.gdb\Buildings,Shape_Area,-1,-1;LastUpdate "LastUpdate" true true false 8 Date 0 0 ,First,#,M:\Projects_2015\GIS_Updates\Data\Spatial\Data.gdb\Buildings,LastUpdate,-1,-1;Source "Source" true true false 50 Text 0 0 ,First,#,M:\Projects_2015\GIS_Updates\Data\Spatial\Data.gdb\Buildings,Source,-1,-1" #</Process><Process ToolSource="c:\program files (x86)\arcgis\desktop10.2\ArcToolbox\Toolboxes\Conversion Tools.tbx\FeatureClassToFeatureClass" Date="20150731" Time="113159">FeatureClassToFeatureClass "Database Connections\ArcGis as GISServices on COPD_GEN.sde\ArcGis.GISSERVICES.Base_Map\ArcGis.GISSERVICES.Buildings_v1" M:\DataRequest\PVD_GIS Buildings_v1.shp # "NAME "NAME" true true false 50 Text 0 0 ,First,#,Database Connections\ArcGis as GISServices on COPD_GEN.sde\ArcGis.GISSERVICES.Base_Map\ArcGis.GISSERVICES.Buildings_v1,NAME,-1,-1;BLDG_ELEV "BLDG_ELEV" true true false 8 Double 8 38 ,First,#,Database Connections\ArcGis as GISServices on COPD_GEN.sde\ArcGis.GISSERVICES.Base_Map\ArcGis.GISSERVICES.Buildings_v1,BLDG_ELEV,-1,-1;GRD_ELEV "GRD_ELEV" true true false 8 Double 8 38 ,First,#,Database Connections\ArcGis as GISServices on COPD_GEN.sde\ArcGis.GISSERVICES.Base_Map\ArcGis.GISSERVICES.Buildings_v1,GRD_ELEV,-1,-1;BLDG_HGT "BLDG_HGT" true true false 8 Double 8 38 ,First,#,Database Connections\ArcGis as GISServices on COPD_GEN.sde\ArcGis.GISSERVICES.Base_Map\ArcGis.GISSERVICES.Buildings_v1,BLDG_HGT,-1,-1;DEMO "DEMO" true true false 5 Text 0 0 ,First,#,Database Connections\ArcGis as GISServices on COPD_GEN.sde\ArcGis.GISSERVICES.Base_Map\ArcGis.GISSERVICES.Buildings_v1,DEMO,-1,-1;LastUpdate "LastUpdate" true true false 36 Date 0 0 ,First,#,Database Connections\ArcGis as GISServices on COPD_GEN.sde\ArcGis.GISSERVICES.Base_Map\ArcGis.GISSERVICES.Buildings_v1,LastUpdate,-1,-1;Source "Source" true true false 50 Text 0 0 ,First,#,Database Connections\ArcGis as GISServices on COPD_GEN.sde\ArcGis.GISSERVICES.Base_Map\ArcGis.GISSERVICES.Buildings_v1,Source,-1,-1;Shape_STAr "Shape_STAr" false false true 0 Double 0 0 ,First,#,Database Connections\ArcGis as GISServices on COPD_GEN.sde\ArcGis.GISSERVICES.Base_Map\ArcGis.GISSERVICES.Buildings_v1,Shape.STArea(),-1,-1;Shape_STLe "Shape_STLe" false false true 0 Double 0 0 ,First,#,Database Connections\ArcGis as GISServices on COPD_GEN.sde\ArcGis.GISSERVICES.Base_Map\ArcGis.GISSERVICES.Buildings_v1,Shape.STLength(),-1,-1" #</Process></lineage><itemProps><itemName Sync="TRUE">Buildings_v1</itemName><imsContentType Sync="TRUE">002</imsContentType><itemLocation><linkage Sync="TRUE">file://\\10.44.3.18\f\DataRequest\PVD_GIS\Buildings_v1.shp</linkage><protocol Sync="TRUE">Local Area Network</protocol></itemLocation><itemSize Sync="TRUE">0.000</itemSize></itemProps><coordRef><type Sync="TRUE">Projected</type><geogcsn Sync="TRUE">GCS_North_American_1983</geogcsn><projcsn Sync="TRUE">NAD_1983_StatePlane_Rhode_Island_FIPS_3800_Feet</projcsn><peXml Sync="TRUE">&lt;ProjectedCoordinateSystem xsi:type='typens:ProjectedCoordinateSystem' xmlns:xsi='http://www.w3.org/2001/XMLSchema-instance' xmlns:xs='http://www.w3.org/2001/XMLSchema' xmlns:typens='http://www.esri.com/schemas/ArcGIS/10.1'&gt;&lt;WKT&gt;PROJCS[&amp;quot;NAD_1983_StatePlane_Rhode_Island_FIPS_3800_Feet&amp;quot;,GEOGCS[&amp;quot;GCS_North_American_1983&amp;quot;,DATUM[&amp;quot;D_North_American_1983&amp;quot;,SPHEROID[&amp;quot;GRS_1980&amp;quot;,6378137.0,298.257222101]],PRIMEM[&amp;quot;Greenwich&amp;quot;,0.0],UNIT[&amp;quot;Degree&amp;quot;,0.0174532925199433]],PROJECTION[&amp;quot;Transverse_Mercator&amp;quot;],PARAMETER[&amp;quot;False_Easting&amp;quot;,328083.3333333333],PARAMETER[&amp;quot;False_Northing&amp;quot;,0.0],PARAMETER[&amp;quot;Central_Meridian&amp;quot;,-71.5],PARAMETER[&amp;quot;Scale_Factor&amp;quot;,0.99999375],PARAMETER[&amp;quot;Latitude_Of_Origin&amp;quot;,41.08333333333334],UNIT[&amp;quot;Foot_US&amp;quot;,0.3048006096012192],AUTHORITY[&amp;quot;EPSG&amp;quot;,3438]],VERTCS[&amp;quot;NAD_1983&amp;quot;,DATUM[&amp;quot;D_North_American_1983&amp;quot;,SPHEROID[&amp;quot;GRS_1980&amp;quot;,6378137.0,298.257222101]],PARAMETER[&amp;quot;Vertical_Shift&amp;quot;,0.0],PARAMETER[&amp;quot;Direction&amp;quot;,1.0],UNIT[&amp;quot;Meter&amp;quot;,1.0],AUTHORITY[&amp;quot;ESRI&amp;quot;,115702]]&lt;/WKT&gt;&lt;XOrigin&gt;-18120300&lt;/XOrigin&gt;&lt;YOrigin&gt;-47742100&lt;/YOrigin&gt;&lt;XYScale&gt;137242312.64623272&lt;/XYScale&gt;&lt;ZOrigin&gt;-100000&lt;/ZOrigin&gt;&lt;ZScale&gt;10000&lt;/ZScale&gt;&lt;MOrigin&gt;-100000&lt;/MOrigin&gt;&lt;MScale&gt;10000&lt;/MScale&gt;&lt;XYTolerance&gt;0.0032808333333333331&lt;/XYTolerance&gt;&lt;ZTolerance&gt;0.001&lt;/ZTolerance&gt;&lt;MTolerance&gt;0.001&lt;/MTolerance&gt;&lt;HighPrecision&gt;true&lt;/HighPrecision&gt;&lt;WKID&gt;102730&lt;/WKID&gt;&lt;LatestWKID&gt;3438&lt;/LatestWKID&gt;&lt;VCSWKID&gt;115702&lt;/VCSWKID&gt;&lt;LatestVCSWKID&gt;115702&lt;/LatestVCSWKID&gt;&lt;/ProjectedCoordinateSystem&gt;</peXml><csUnits Sync="TRUE">Linear Unit: Foot_US (0.304801)</csUnits></coordRef></DataProperties><ArcGISFormat>1.0</ArcGISFormat><ArcGISstyle>FGDC CSDGM Metadata</ArcGISstyle></Esri><idinfo><native Sync="TRUE">Microsoft Windows XP Version 5.1 (Build 2600) Service Pack 3; ESRI ArcCatalog 9.3.1.4000</native><descript><langdata Sync="TRUE">en</langdata><abstract>REQUIRED: A brief narrative summary of the data set.</abstract><purpose>REQUIRED: A summary of the intentions with which the data set was developed.</purpose></descript><citation><citeinfo><origin>REQUIRED: The name of an organization or individual that developed the data set.</origin><pubdate>REQUIRED: The date when the data set is published or otherwise made available for release.</pubdate><title Sync="TRUE">Building_SpatialJoin</title><ftname Sync="TRUE">Building_SpatialJoin</ftname><geoform Sync="TRUE">vector digital data</geoform><onlink Sync="TRUE">\\10.10.6.207\f\Projects_2010\PEMA\Data\Spatial\New Personal Geodatabase.mdb</onlink></citeinfo></citation><timeperd><current>REQUIRED: The basis on which the time period of content information is determined.</current><timeinfo><sngdate><caldate>REQUIRED: The year (and optionally month, or month and day) for which the data set corresponds to the ground.</caldate></sngdate></timeinfo></timeperd><status><progress>REQUIRED: The state of the data set.</progress><update>REQUIRED: The frequency with which changes and additions are made to the data set after the initial data set is completed.</update></status><spdom><bounding><westbc Sync="TRUE">REQUIRED: Western-most coordinate of the limit of coverage expressed in longitude.</westbc><eastbc Sync="TRUE">REQUIRED: Eastern-most coordinate of the limit of coverage expressed in longitude.</eastbc><northbc Sync="TRUE">REQUIRED: Northern-most coordinate of the limit of coverage expressed in latitude.</northbc><southbc Sync="TRUE">REQUIRED: Southern-most coordinate of the limit of coverage expressed in latitude.</southbc></bounding></spdom><keywords><theme><themekt>REQUIRED: Reference to a formally registered thesaurus or a similar authoritative source of theme keywords.</themekt><themekey>REQUIRED: Common-use word or phrase used to describe the subject of the data set.</themekey></theme></keywords><accconst>REQUIRED: Restrictions and legal prerequisites for accessing the data set.</accconst><useconst>REQUIRED: Restrictions and legal prerequisites for using the data set after access is granted.</useconst><natvform Sync="TRUE">Personal GeoDatabase Feature Class</natvform></idinfo><dataIdInfo><envirDesc Sync="TRUE">Microsoft Windows 7 Version 6.1 (Build 7601) Service Pack 1; Esri ArcGIS 10.2.1.3497</envirDesc><dataLang><languageCode Sync="TRUE" value="eng" country="US"/><countryCode value="USA" Sync="TRUE"/></dataLang><idCitation><resTitle Sync="TRUE">Buildings_v1</resTitle><presForm><PresFormCd Sync="TRUE" value="005"/></presForm></idCitation><spatRpType><SpatRepTypCd Sync="TRUE" value="001"/></spatRpType><descKeys><thesaName uuidref="723f6998-058e-11dc-8314-0800200c9a66"/><keyword Sync="TRUE">002</keyword></descKeys></dataIdInfo><metainfo><langmeta Sync="TRUE">en</langmeta><metstdn Sync="TRUE">FGDC Content Standards for Digital Geospatial Metadata</metstdn><metstdv Sync="TRUE">FGDC-STD-001-1998</metstdv><mettc Sync="TRUE">local time</mettc><metc><cntinfo><cntorgp><cntper>REQUIRED: The person responsible for the metadata information.</cntper><cntorg>REQUIRED: The organization responsible for the metadata information.</cntorg></cntorgp><cntaddr><addrtype>REQUIRED: The mailing and/or physical address for the organization or individual.</addrtype><city>REQUIRED: The city of the address.</city><state>REQUIRED: The state or province of the address.</state><postal>REQUIRED: The ZIP or other postal code of the address.</postal></cntaddr><cntvoice>REQUIRED: The telephone number by which individuals can speak to the organization or individual.</cntvoice></cntinfo></metc><metd Sync="TRUE">20100924</metd></metainfo><mdLang><languageCode Sync="TRUE" value="eng"/><countryCode value="USA" Sync="TRUE"/></mdLang><mdStanName Sync="TRUE">ISO 19115 Geographic Information - Metadata</mdStanName><mdStanVer Sync="TRUE">DIS_ESRI1.0</mdStanVer><mdChar><CharSetCd Sync="TRUE" value="004"/></mdChar><mdHrLv><ScopeCd Sync="TRUE" value="005"/></mdHrLv><mdHrLvName Sync="TRUE">dataset</mdHrLvName><distinfo><resdesc Sync="TRUE">Downloadable Data</resdesc></distinfo><distInfo><distributor><distorTran><onLineSrc><orDesc Sync="TRUE">002</orDesc><linkage Sync="TRUE">file://\\10.10.6.207\f\Projects_2010\PEMA\Data\Spatial\New Personal Geodatabase.mdb</linkage><protocol Sync="TRUE">Local Area Network</protocol></onLineSrc></distorTran><distorFormat><formatName Sync="TRUE">Personal GeoDatabase Feature Class</formatName></distorFormat></distributor><distFormat><formatName Sync="TRUE">Shapefile</formatName></distFormat><distTranOps><transSize Sync="TRUE">0.000</transSize></distTranOps></distInfo><spdoinfo><direct Sync="TRUE">Vector</direct><ptvctinf><esriterm Name="Buildings_v1"><efeatyp Sync="TRUE">Simple</efeatyp><efeageom code="4" Sync="TRUE"></efeageom><esritopo Sync="TRUE">FALSE</esritopo><efeacnt Sync="TRUE">0</efeacnt><spindex Sync="TRUE">FALSE</spindex><linrefer Sync="TRUE">FALSE</linrefer></esriterm></ptvctinf></spdoinfo><spref><horizsys><cordsysn><geogcsn Sync="TRUE">GCS_North_American_1983</geogcsn><projcsn Sync="TRUE">NAD_1983_StatePlane_Rhode_Island_FIPS_3800_Feet</projcsn></cordsysn><planar><planci><plance Sync="TRUE">coordinate pair</plance><plandu Sync="TRUE">survey feet</plandu><coordrep><absres Sync="TRUE">0.000328</absres><ordres Sync="TRUE">0.000328</ordres></coordrep></planci></planar><geodetic><horizdn Sync="TRUE">North American Datum of 1983</horizdn><ellips Sync="TRUE">Geodetic Reference System 80</ellips><semiaxis Sync="TRUE">6378137.000000</semiaxis><denflat Sync="TRUE">298.257222</denflat></geodetic></horizsys><vertdef><altsys><altenc Sync="TRUE">Explicit elevation coordinate included with horizontal coordinates</altenc><altres Sync="TRUE">1.000000</altres></altsys></vertdef></spref><refSysInfo><RefSystem><refSysID><identCode Sync="TRUE" code="3438" value="3438">NAD_1983_StatePlane_Rhode_Island_FIPS_3800_Feet</identCode><idCodeSpace Sync="TRUE">EPSG</idCodeSpace><idVersion Sync="TRUE">8.2.6</idVersion></refSysID></RefSystem></refSysInfo><spatRepInfo><VectSpatRep><geometObjs Name="Buildings_v1"><geoObjTyp><GeoObjTypCd value="002" Sync="TRUE"></GeoObjTypCd></geoObjTyp><geoObjCnt Sync="TRUE">0</geoObjCnt></geometObjs><topLvl><TopoLevCd value="001" Sync="TRUE"></TopoLevCd></topLvl></VectSpatRep></spatRepInfo><eainfo><detailed Name="Buildings_v1"><enttyp><enttypl Sync="TRUE">Buildings_v1</enttypl><enttypt Sync="TRUE">Feature Class</enttypt><enttypc Sync="TRUE">0</enttypc></enttyp><attr><attrlabl Sync="TRUE">FID</attrlabl><attalias Sync="TRUE">FID</attalias><attrtype Sync="TRUE">OID</attrtype><attwidth Sync="TRUE">4</attwidth><atprecis Sync="TRUE">0</atprecis><attscale Sync="TRUE">0</attscale><attrdef Sync="TRUE">Internal feature number.</attrdef><attrdefs Sync="TRUE">Esri</attrdefs><attrdomv><udom Sync="TRUE">Sequential unique whole numbers that are automatically generated.</udom></attrdomv></attr><attr><attrlabl Sync="TRUE">NAME</attrlabl><attalias Sync="TRUE">NAME</attalias><attrtype Sync="TRUE">String</attrtype><attwidth Sync="TRUE">50</attwidth><atprecis Sync="TRUE">0</atprecis><attscale Sync="TRUE">0</attscale></attr><attr><attrlabl Sync="TRUE">BLDG_ELEV</attrlabl><attalias Sync="TRUE">BLDG_ELEV</attalias><attrtype Sync="TRUE">Double</attrtype><attwidth Sync="TRUE">19</attwidth><atprecis Sync="TRUE">18</atprecis><attscale Sync="TRUE">8</attscale></attr><attr><attrlabl Sync="TRUE">GRD_ELEV</attrlabl><attalias Sync="TRUE">GRD_ELEV</attalias><attrtype Sync="TRUE">Double</attrtype><attwidth Sync="TRUE">19</attwidth><atprecis Sync="TRUE">18</atprecis><attscale Sync="TRUE">8</attscale></attr><attr><attrlabl Sync="TRUE">BLDG_HGT</attrlabl><attalias Sync="TRUE">BLDG_HGT</attalias><attrtype Sync="TRUE">Double</attrtype><attwidth Sync="TRUE">19</attwidth><atprecis Sync="TRUE">18</atprecis><attscale Sync="TRUE">8</attscale></attr><attr><attrlabl Sync="TRUE">DEMO</attrlabl><attalias Sync="TRUE">DEMO</attalias><attrtype Sync="TRUE">String</attrtype><attwidth Sync="TRUE">5</attwidth><atprecis Sync="TRUE">0</atprecis><attscale Sync="TRUE">0</attscale></attr><attr><attrlabl Sync="TRUE">LastUpdate</attrlabl><attalias Sync="TRUE">LastUpdate</attalias><attrtype Sync="TRUE">Date</attrtype><attwidth Sync="TRUE">8</attwidth><atprecis Sync="TRUE">0</atprecis><attscale Sync="TRUE">0</attscale></attr><attr><attrlabl Sync="TRUE">Source</attrlabl><attalias Sync="TRUE">Source</attalias><attrtype Sync="TRUE">String</attrtype><attwidth Sync="TRUE">50</attwidth><atprecis Sync="TRUE">0</atprecis><attscale Sync="TRUE">0</attscale></attr><attr><attrlabl Sync="TRUE">Shape</attrlabl><attalias Sync="TRUE">Shape</attalias><attrtype Sync="TRUE">Geometry</attrtype><attwidth Sync="TRUE">0</attwidth><atprecis Sync="TRUE">0</atprecis><attscale Sync="TRUE">0</attscale><attrdef Sync="TRUE">Feature geometry.</attrdef><attrdefs Sync="TRUE">ESRI</attrdefs><attrdomv><udom Sync="TRUE">Coordinates defining the features.</udom></attrdomv></attr><attr><attrlabl Sync="TRUE">Shape_STAr</attrlabl><attalias Sync="TRUE">Shape_STAr</attalias><attrtype Sync="TRUE">Double</attrtype><attwidth Sync="TRUE">19</attwidth><atprecis Sync="TRUE">0</atprecis><attscale Sync="TRUE">0</attscale></attr><attr><attrlabl Sync="TRUE">Shape_STLe</attrlabl><attalias Sync="TRUE">Shape_STLe</attalias><attrtype Sync="TRUE">Double</attrtype><attwidth Sync="TRUE">19</attwidth><atprecis Sync="TRUE">0</atprecis><attscale Sync="TRUE">0</attscale></attr></detailed></eainfo><mdDateSt Sync="TRUE">20150731</mdDateSt><dataqual><lineage><procstep><procdesc Sync="TRUE">Dataset copied.</procdesc><srcused Sync="TRUE">Server=gis_server; Service=5151; Database=sde; User=sde; Version=sde.DEFAULT</srcused><procdate Sync="TRUE">20100922</procdate><proctime Sync="TRUE">15065100</proctime></procstep></lineage></dataqual></metadata>
